,accountName,SubmToCommentRatio,label,daily_downtime
0,ModitiusFaetaur,8.0,1,5.816513761467889
1,DoppleGun,46.0,1,5.816513761467889
2,AgaluneMalordred,8.0,1,6.0
3,Amohelang,1.0,1,5.816513761467889
4,KulazelKelkree,5.0,1,5.816513761467889
5,KularimGaviril,5.0,1,5.816513761467889
6,KularimGaviril,5.0,1,5.816513761467889
7,laserathletics,3.0,1,5.816513761467889
8,CogelvWhitebinder,8.0,1,5.816513761467889
9,GrisidaColak,9.0,1,5.816513761467889
10,BludflameMeztirg,4.0,1,5.816513761467889
11,Alice_Boginski,14.0,1,3.0
12,Mamigon,1.0,1,5.816513761467889
13,Mponeng,2.0,1,5.816513761467889
14,DianarinAdorardred,2.0,1,5.816513761467889
15,NilkisZargas,13.0,1,3.0
16,Albert_Baldwin,1.0,1,5.816513761467889
17,Clawisma,6.75,1,3.0
18,ThorgalenGozil,1.0,1,5.816513761467889
19,IronZion17,1.08,1,17.0
20,Maxwel_Terry,4.34185303514377,1,4.0
21,petouchoque,0.06349206349206349,1,2.0
22,ZamalynodeThothis,8.0,1,3.0
23,PeriniusDular,28.0,1,3.0
24,UmthDarkfire,2.0,1,5.816513761467889
25,mr_clampin,0.85,1,5.816513761467889
26,OghmagelvFedora,7.0,1,5.816513761467889
27,DelaranaBatius,6.0,1,4.0
28,toffeeathletics,1.0,1,5.816513761467889
29,KatusPenadar,9.0,1,5.816513761467889
30,rapitangnyy,38.0,1,3.0
31,smollow,2.0,1,5.816513761467889
32,Chereese,0.59375,1,3.0
33,WileandraMalhala,1.0,1,5.816513761467889
34,LightshadeGardakino,19.0,1,18.0
35,GaranaTobar,3.0,1,5.816513761467889
36,picnicshirt,3.0,1,5.816513761467889
37,YggkelvZurn,5.0,1,5.816513761467889
38,KazishuraTerne,11.0,1,3.0
39,MalasarGholbiris,10.0,1,4.0
40,BurigelvGravelbrew,10.0,1,3.0
41,sugarshoehorn,1.0,1,5.816513761467889
42,1488reasons,0.005291005291005291,1,15.0
43,HaroldGarold,1.0,1,5.816513761467889
44,brondran,1.8571428571428572,1,3.0
45,KakreeTabar,9.0,1,5.816513761467889
46,Kevin_Milner,9.189473684210526,1,3.0
47,xameg,0.02857142857142857,1,4.0
48,Fungon,3.0,1,5.816513761467889
49,Dazzle6,1.0,1,5.816513761467889
50,LeyleynFearlessworm,38.0,1,18.0
51,AriundisVugar,6.0,1,5.816513761467889
52,SharpwingChillshape,4.0,1,5.816513761467889
53,DalabandisAndroma,1.0,1,5.816513761467889
54,Peter_Stevenson1986,0.7777777777777778,1,3.0
55,Mandeyboy,4.0,1,5.816513761467889
56,thistleescape,1.0,1,5.816513761467889
57,Kutloisiso,1.0,1,5.816513761467889
58,SharprunnerAndrolas,23.0,1,3.0
59,CereranaKeath,9.0,1,4.0
60,RexscarNalmekelv,7.0,1,5.816513761467889
61,vadro,1.75,1,5.816513761467889
62,DoukasaZahelm,1.0,1,5.816513761467889
63,Malefane,3.0,1,5.816513761467889
64,Aiden_Chuck,1.0,1,5.816513761467889
65,HoodieLoodie,1.0,1,5.816513761467889
66,KahuginnCerenadar,3.0,1,5.816513761467889
67,GhozarIannn,4.0,1,5.816513761467889
68,GranilisDogul,5.0,1,5.816513761467889
69,TojatMalaron,8.0,1,3.0
70,ErivMalazilkree,7.8,1,3.0
71,harperdaveharper,50.5,1,4.0
72,seatfaith,1.0,1,5.816513761467889
73,blackie_jack,0.8222222222222222,1,4.0
74,BagoreZulkihn,9.0,1,3.0
75,TetaurDafyn,11.0,1,5.816513761467889
76,AragelvBlackkiller,7.0,1,5.816513761467889
77,MargasGranidor,22.2,1,3.0
78,wadeharriot,1.0,1,5.816513761467889
79,Deusexmachina112,97.0,1,18.0
80,TebenelBrazragore,17.0,1,5.0
81,LUNACYFREAK,3.0,1,5.816513761467889
82,NitaurMaull,55.0,1,3.0
83,FelothisRagegrove,5.0,1,5.816513761467889
84,BallardredTholak,11.0,1,3.0
85,NekoraJoJolar,46.0,1,3.0
86,IfiacelMoogutaxe,15.0,1,4.0
87,ZalarGroshakar,2.0,1,5.816513761467889
88,moratutu,2.0,1,5.816513761467889
89,Hararnir,1.0,1,5.816513761467889
90,Solodoto666,2.0,1,5.816513761467889
91,men_like,1.9375,1,6.0
92,Alex_Jonathan,32.0,1,3.0
93,SsoncenModifyn,1.0,1,5.816513761467889
94,KagrelMauran,9.0,1,4.0
95,MerlinPeregrin,0.3333333333333333,1,5.816513761467889
96,VoodoogamiAurilak,24.0,1,4.0
97,crownalbum,1.0,1,5.816513761467889
98,Taulou,1.0,1,5.816513761467889
99,BeazerneMem,19.0,1,4.0
100,Graham_Quinn,1.0,1,5.816513761467889
101,GavinayaBeazefym,1.0,1,5.816513761467889
102,Heetmean,3.0,1,5.816513761467889
103,FordreranaCordagda,6.0,1,5.816513761467889
104,GushicageAgamadi,7.0,1,5.816513761467889
105,violinslipper,2.0,1,5.816513761467889
106,SnorrySturluson,4.0,1,5.816513761467889
107,emilyli,8.5,1,5.816513761467889
108,Bugemlon,2.0,1,5.816513761467889
109,HelenaFreiy,8.0,1,5.816513761467889
110,SalmaranLaihuginn,10.0,1,6.0
111,NY_BLACK_PROTEST,2.0,1,5.816513761467889
112,ZukoraTezil,13.0,1,4.0
113,SteelfangMogamand,4.0,1,5.816513761467889
114,PeGobei,4.0,1,5.816513761467889
115,DalaghmaMajurus,5.0,1,5.816513761467889
116,WhatImDoindHere,30.0,1,4.0
117,Heirlow,1.0,1,5.816513761467889
118,ThontriusBanos,47.0,1,3.0
119,KigagrelMightrunner,6.0,1,5.816513761467889
120,georgepharell,1.0,1,5.816513761467889
121,Motlalent,2.0,1,5.816513761467889
122,garliccomet,1.0,1,5.816513761467889
123,illlolyourtexass,11.0,1,5.816513761467889
124,TaushakarGrantrius,5.0,1,5.816513761467889
125,UelitheLandagelv,3.5,1,3.0
126,UelitheLandagelv,3.5,1,3.0
127,DrelathrisBo,6.0,1,5.816513761467889
128,TedarYozshujin,28.0,1,3.0
129,FerdavynaCentrirus,6.0,1,5.816513761467889
130,AdoraronDoomworker,6.0,1,5.816513761467889
131,King_Andersons,1.7791411042944785,1,4.0
132,shomyo,3.212871287128713,1,2.0
133,qkempek,1.0,1,5.816513761467889
134,MalalladorSincliff,29.0,1,3.0
135,AxeseekerMightwind,9.0,1,5.816513761467889
136,deusXYX,0.18100890207715134,1,3.0
137,CordaronGavinralbin,5.0,1,5.816513761467889
138,SouthLoneStar,1.0,1,5.816513761467889
139,LGBTUnited,1.0,1,5.816513761467889
140,dandy1crown,1.0,1,5.816513761467889
141,YggwynZulkigul,1.0,1,5.816513761467889
142,bottlehope,1.0,1,5.816513761467889
143,BlackToLive,9.333333333333334,1,9.0
144,inkreindeer,1.0,1,5.816513761467889
145,CeriusTojajar,8.0,1,3.0
146,AndromajurusAragrel,51.0,1,3.0
147,chriscrossfire,16.5,1,11.0
148,TojasidaSamukree,5.4,1,19.0
149,WOLFEN01,7.0,1,5.816513761467889
150,NuaborShaktikasa,18.0,1,4.0
151,Deren777,4.0,1,5.816513761467889
152,Maineylops,1.2857142857142858,1,5.0
153,KiririelCebandis,9.0,1,3.0
154,FordreninDalas,1.0,1,5.816513761467889
155,BleepThePolice,1.0,1,5.816513761467889
156,CererinKarn,8.0,1,4.0
157,foxmeowlder,2.0,1,5.816513761467889
158,FaurnFlamebreaker,1.0,1,5.816513761467889
159,CeginnFonin,20.0,1,4.0
160,AralisTugis,1.0,1,5.816513761467889
161,YozshulkisNighthamm,6.0,1,5.816513761467889
162,kuabrush,1.0,1,5.816513761467889
163,ThonisIshnlen,8.0,1,6.0
164,AstridRooo,1.0,1,5.816513761467889
165,ser005,2.0,1,5.816513761467889
166,LandageKador,8.0,1,4.0
167,vsbeats,1.0,1,5.816513761467889
168,fergensonk,2.0,1,5.816513761467889
169,MAGAing4Trump,1.0,1,5.816513761467889
170,Tristen_Sadler,3.0,1,5.816513761467889
171,VudonrisMakasa,2.0,1,5.816513761467889
172,Gillian0zero0,1.0,1,5.816513761467889
173,KanyeBreeze,23.5,1,18.0
174,ModitiusOpirius,4.0,1,5.816513761467889
175,NalenTaugami,10.0,1,3.0
176,DarusCege,5.0,1,5.816513761467889
177,Abena_Tau,41.0,1,4.0
178,ReggaeBull,43.0,1,8.0
179,AndrorneGavinrage,7.0,1,5.816513761467889
180,FreddieGi,1.0,1,5.816513761467889
181,ThordibandisHugimat,12.0,1,6.0
182,GoldenbringerTogore,2.0,1,5.816513761467889
183,VanecedwaShadowsmith,3.0,1,5.816513761467889
184,SadCitizen2016,16.5,1,5.816513761467889
185,FoshantBloodstone,27.0,1,6.0
186,VukazahnGardagis,35.0,1,4.0
187,horseeating,1.0,1,5.816513761467889
188,SamugoreKekelv,0.8461538461538461,1,18.0
189,MnefymPainmane,8.0,1,5.816513761467889
190,fginery,2.0,1,5.816513761467889
191,LalhalaGavinradwyn,3.0,1,5.816513761467889
192,AgamagelvTozshura,19.0,1,4.0
193,riversailor,4.0,1,5.816513761467889
194,MograMarn,2.0,1,5.816513761467889
195,GoltijindGoltishura,4.0,1,5.816513761467889
196,DelalbineSilvershad,5.0,1,5.816513761467889
197,AlsagelvBuriron,12.25,1,3.0
198,IshnranaAnayagrinn,19.0,1,6.0
199,researchbeggar,4.0,1,5.816513761467889
200,moluleloa,1.0,1,5.816513761467889
201,Anime_Stan,16.666666666666668,1,4.0
202,NualvCordalace,51.0,1,20.0
203,FelhafymDugrel,1.0,1,5.816513761467889
204,AmazingBodilyFluids,1.0,1,5.816513761467889
205,waeqxd,4.0,1,9.0
206,gordon_br,11.333333333333334,1,18.0
207,BloodwoodArashizrag,8.0,1,5.816513761467889
208,rockanda,2.0,1,5.816513761467889
209,hyddrox,0.4594594594594595,1,4.0
210,brant_s,5.75,1,6.0
211,SinmoonYggbandis,10.0,1,5.816513761467889
212,truckshark,1.0,1,5.816513761467889
213,SaberstalkerTygorr,2.0,1,5.816513761467889
214,FelorielBalladolore,2.0,1,5.816513761467889
215,CewieldZuluhn,7.0,1,5.816513761467889
216,MasiusShadowshaper,11.0,1,20.0
217,SailakSamura,5.0,1,5.816513761467889
218,Mohato,3.0,1,5.816513761467889
219,HellwindShadowbreak,14.0,1,3.0
220,DaFordremand,12.0,1,4.0
221,vsruslan,4.0,1,5.816513761467889
222,YggdorKakree,6.0,1,5.816513761467889
223,MiraranaMogra,13.75,1,3.0
224,RobbKR,6.0,1,5.816513761467889
225,DorothieBell,0.18571428571428572,1,3.0
226,Motlalepule,2.0,1,5.816513761467889
227,DipperHummer,3.0,1,5.816513761467889
228,RedseekerMami,7.0,1,5.816513761467889
229,Winthrop_Clancy,2.0,1,5.816513761467889
230,Bill_Jonson,1.0,1,5.816513761467889
231,DalahelmFelharil,29.0,1,3.0
232,WilliananLandalsa,18.0,1,6.0
233,hadheart,1.125,1,5.0
234,MalojurusMutus,7.666666666666667,1,4.0
235,GavinraraFonara,5.0,1,5.816513761467889
236,sandlerwow,5.0,1,5.816513761467889
237,DelanradAgamadwyn,8.0,1,5.816513761467889
238,ThorgaghmaLai,3.0,1,5.816513761467889
239,QuenceynnTejora,8.0,1,5.816513761467889
240,ZuluraGolar,7.0,1,5.816513761467889
241,PaulMall112,0.4482758620689655,1,3.0
242,caterpillarclass,2.0,1,5.816513761467889
243,VojarAndrorus,7.0,1,5.816513761467889
244,MananaraGralsa,10.0,1,5.0
245,clackie,2.772727272727273,1,4.0
246,tishcol,9.0,1,7.0
247,BerskyN,2.0,1,5.816513761467889
248,FezilGavinn,6.0,1,5.816513761467889
249,toneporter,0.7428571428571429,1,3.0
250,IronwalkerGardred,29.0,1,5.0
251,keklelkek,21.0,1,8.0
252,richwilcom,1.0769230769230769,1,7.0
253,HityndiDutilar,22.0,1,3.0
254,moonreading,1.0,1,5.816513761467889
255,IronhammerConjukelv,16.0,1,6.0
256,NilarilOpirim,16.0,1,18.0
257,Lepolesa,1.0,1,5.816513761467889
258,RedGov,2.0,1,5.816513761467889
259,Peter_Hurst,6.112612612612613,1,3.0
260,PurebringerOghmagra,6.0,1,5.816513761467889
261,JerrHill,0.5769230769230769,1,3.0
262,Madpood,2.0,1,5.816513761467889
263,vsrruslan,2.0,1,5.816513761467889
264,jake_browny,1.0,1,5.816513761467889
265,JoJouel,3.0,1,5.816513761467889
266,AriutusMokazahn,24.0,1,4.0
267,TojasHellwarden,28.0,1,4.0
268,DaytonayenMoranaya,9.0,1,6.0
269,FenrilkreeMolabar,10.0,1,5.816513761467889
270,elsie_c,9.5,1,18.0
271,come-true,17.0,1,6.0
272,ZolosidaSpellsinger,6.0,1,5.816513761467889
273,CogdaAnayanara,11.0,1,4.0
274,Meek_Mitchel,2.0,1,5.816513761467889
275,VuranThordilore,3.0,1,5.816513761467889
276,freeknowledgecentre,6.921787709497207,0,2.0
277,ceraymer,1.0,0,9.503511615343056
278,ccmanga,2763.3076923076924,0,13.0
279,MAGAvember_8th,0.29920116194626,0,9.0
280,69andahafl,0.04025423728813559,0,8.0
281,BluedarkArt,195.0,0,2.0
282,Neeeeple,0.2008567348881485,0,3.0
283,moinen,0.09219858156028368,0,4.0
284,OMFGMyLittlePony,0.3333333333333333,0,17.0
285,Glichraptor,0.3768996960486322,0,2.0
286,Warrh,0.14285714285714285,0,6.0
287,Dailychilly,5.367816091954023,0,18.0
288,solodropper,0.3684210526315789,0,5.0
289,Bitheral_Gaming,0.05737704918032787,0,8.0
290,dwbenjam,0.05847953216374269,0,9.0
291,mrlnnn,0.9054054054054054,0,20.0
292,newsbeard,27601.0,0,5.0
293,FlyingChange,0.026365348399246705,0,10.0
294,lazy_chaote,165.45,0,5.0
295,JackSimpsons,0.7142857142857143,0,8.0
296,Durien9,0.13487241798298907,0,20.0
297,redlikeazebra,1178.2857142857142,0,7.0
298,SabatinoMasala,0.9090909090909091,0,3.0
299,luongdangkhoa,2.142857142857143,0,4.0
300,saintscanucks,0.042271562766865924,0,9.0
301,bender445,0.17183098591549295,0,10.0
302,shaqman03,0.5,0,10.0
303,OSUBrit,0.04113924050632911,0,12.0
304,SJ548,0.13043478260869565,0,7.0
305,WideEyedEspurr,0.11324786324786325,0,13.0
306,yangxcore,0.25,0,17.0
307,technology_,18014.375,0,5.0
308,mommymummy,0.7261345852895149,0,8.0
309,GoldHuman,0.014705882352941176,0,5.0
310,Majestic_Toilet,0.029745042492917848,0,11.0
311,michaelconfoy,1.3079645159726598,0,10.0
312,InsecureTokuNerd,0.7681159420289855,0,9.0
313,nabeelong,0.16535433070866143,0,14.0
314,samprog,0.08570300157977884,0,2.0
315,detox6,1.7692307692307692,0,7.0
316,dupedupedupe321321,3.0,0,9.503511615343056
317,TheloniousMiles,0.15384615384615385,0,8.0
318,LazarusSecondLight,0.5527426160337553,0,11.0
319,DJSkyBG,3.0,0,9.503511615343056
320,PatliciousPattyPat,0.4647887323943662,0,2.0
321,Birdlover1233,0.025420931000330143,0,3.0
322,davidreiss666,4.2084122773777946,0,13.0
323,metaljerk047,0.07932692307692307,0,16.0
324,ImaBlue,23430.428571428572,0,4.0
325,izzray,0.6764705882352942,0,17.0
326,dustcircle2,48.19444444444444,0,6.0
327,Mastershroom,0.015046867291563888,0,19.0
328,Morrissey2702,0.05333333333333334,0,9.0
329,renteriaha,6.0,0,9.503511615343056
330,HinduPepe,0.9254498714652957,0,6.0
331,Meshoooajlan,34.5,0,9.0
332,AmbitionOfPhilipJFry,0.07092198581560284,0,7.0
333,FakeyFaked,0.029275362318840578,0,9.0
334,HearthstoneCalendar,337.3333333333333,0,10.0
335,praxeom,0.09409799554565701,0,11.0
336,stellersjay,0.08992805755395683,0,4.0
337,wearemotofire,11.5,0,3.0
338,rizonololo,6.0,0,5.0
339,kubu444,0.1875,0,5.0
340,centurythree,0.4155844155844156,0,8.0
341,saosangmo,25.0,0,16.0
342,schlagkasper,31948.0,0,10.0
343,FoxyFoxy1987,0.14565826330532214,0,12.0
344,sumbutt,0.00847457627118644,0,9.0
345,Spcarson05,0.1565217391304348,0,7.0
346,HungryTaco,0.16071428571428573,0,10.0
347,Dostt,0.55,0,10.0
348,SolarMarz,4.0,0,9.503511615343056
349,astonishingcamptPc,1.0,0,9.503511615343056
350,About_17_ninjas,0.35859269282814615,0,2.0
351,annavovo,305.0,0,16.0
352,cinenet3,1.0,0,9.503511615343056
353,-WhiskeyTangoFoxtrot,0.25,0,7.0
354,gsurfer04,0.04200173203018681,0,5.0
355,Zerb_Games,0.46875,0,12.0
356,BitcoinAll,1.12,0,7.0
357,ohnoletsgo,0.02252252252252252,0,8.0
358,keigisimpdebyba,1.0,0,9.503511615343056
359,TheBloodWitch,0.17266187050359713,0,9.0
360,Perri0010,0.17485714285714285,0,2.0
361,ozzyfest25,0.6,0,9.503511615343056
362,curiouscat,3.4857142857142858,0,6.0
363,Devpressed,1.0,0,9.503511615343056
364,ayatollahabtin,0.22279792746113988,0,4.0
365,kd7uiy,0.3494809688581315,0,7.0
366,anoldenemy1,0.40298507462686567,0,5.0
367,Stealthless,0.09884117246080436,0,9.0
368,paaysr,8.0,0,11.0
369,UnicycleMafia,0.3949579831932773,0,9.0
370,JPL85,1.0,0,9.503511615343056
371,akunnaila,192.0,0,15.0
372,BigHatNoCattle,0.015625,0,8.0
373,martinfphipps,2.00055417013023,0,20.0
374,astrologergaur,20.0,0,17.0
375,OptioMkIX,0.27900552486187846,0,2.0
376,mobius_sp,0.011316010058675607,0,8.0
377,6RatStaR9,0.125,0,18.0
378,SpykeMH,0.02555366269165247,0,10.0
379,embracetehmartian,0.19230769230769232,0,9.0
380,Vailhem,6.633612662942272,0,12.0
381,Cdubsta,0.058165548098434,0,7.0
382,Shade08,0.0765661252900232,0,10.0
383,AmiiboCouple4,0.1506849315068493,0,7.0
384,TimmyHate,0.046511627906976744,0,15.0
385,hooger0000,0.8157894736842105,0,13.0
386,sinuspanic,1.0,0,9.503511615343056
387,tjk1701,1.4807692307692308,0,8.0
388,NewAirCo,3.0,0,9.503511615343056
389,chinawat,0.26109391124871,0,10.0
390,tito333,1.5903543307086614,0,2.0
391,CinematicCharm,0.2978723404255319,0,13.0
392,curigcorgis,0.0672,0,9.0
393,ilummynation,82.0,0,2.0
394,Obeybrandon,0.12903225806451613,0,16.0
395,Taylorezbc,1.0,0,9.503511615343056
396,ell_computer,21443.5,0,6.0
397,LuaKT,99.26143790849673,0,20.0
398,matjaus,0.3269230769230769,0,3.0
399,dwa7ebv,1.0,0,9.503511615343056
400,FrostbittenChipmunk,0.24390243902439024,0,19.0
401,Atrulyoriginalname,0.13253012048192772,0,9.0
402,hatterkiller,0.2410575427682737,0,19.0
403,Sherpadesk15,152.0,0,17.0
404,MSG_Whitegoat,0.14084507042253522,0,8.0
405,Defenestrationism,0.06162587412587413,0,8.0
406,Kdwn,0.1875,0,11.0
407,EagleRepellent,0.4583333333333333,0,3.0
408,trying_2_hang,1.0,0,9.503511615343056
409,solipsistnation,0.031420765027322405,0,10.0
410,BurtonDesque,0.6294007283964242,0,11.0
411,ensaladin,0.045454545454545456,0,7.0
412,Letterbox10,650.3235294117648,0,6.0
413,jakefratelli,92.46511627906976,0,7.0
414,aishiteryu,0.1111111111111111,0,15.0
415,YepImanEmokid,0.005156411137848058,0,11.0
416,dommyBoy13,0.011730205278592375,0,8.0
417,sekoitoilet,0.4108678655199374,0,20.0
418,alonso_tamayo,0.5454545454545454,0,10.0
419,ikillforwork,0.29577464788732394,0,9.0
420,77T7,3.210526315789474,0,9.0
421,Ragin33Redhead,5.714285714285714,0,15.0
422,awenga21,2.5095541401273884,0,4.0
423,Neo_Shade,0.05747126436781609,0,3.0
424,AncientAstronauts,1133.41,0,7.0
425,cos,0.6653412856196156,0,9.0
426,Dr_Emmet_Brown,0.12646370023419204,0,7.0
427,phman79,241593.0,0,9.0
428,phman79,241593.0,0,9.0
429,kyriare,0.39285714285714285,0,9.0
430,OncomingStorm93,0.125,0,9.0
431,Halojonny,0.21739130434782608,0,9.0
432,THEDARKNIGHT485,0.3629032258064516,0,11.0
433,Cutun,63.0,0,2.0
434,LQQKAGN,0.375,0,12.0
435,csparker,0.25,0,14.0
436,Ralax98,0.631578947368421,0,6.0
437,candymanonlol,0.4205607476635514,0,19.0
438,VelvetFog82,0.0063784549964564135,0,9.0
439,techontarget,0.25806451612903225,0,12.0
440,Johanimoe,0.18095238095238095,0,3.0
441,Laundry_Hurricane,0.34080717488789236,0,9.0
442,pseph2016,4.0,0,9.503511615343056
443,Josephrle,21.0,0,17.0
444,BatmanDracula,1.1063218390804597,0,7.0
445,_neurotoxin_,0.026133501259445843,0,8.0
446,yurifoi,0.4,0,9.503511615343056
447,Reclaimer2511,0.7777777777777778,0,17.0
448,Blogohomiz,0.4782608695652174,0,14.0
449,teatowel_chicken,0.19622641509433963,0,2.0
450,Skyhigh95,0.5757575757575758,0,10.0
451,kabir_chaudhary,1.0,0,9.503511615343056
452,ronswansonsmuse,0.532258064516129,0,7.0
453,ILoveMomsTits,39.0,0,14.0
454,dylanna,0.11534047436878347,0,10.0
455,sandman2330,0.038267875125881166,0,10.0
456,Aurorabeamblast,0.09256449165402124,0,19.0
457,Subherbs,1.6666666666666667,0,9.0
458,CGunZ56,1.8571428571428572,0,6.0
459,ishgardianscrub,0.10281517747858017,0,8.0
460,SorenBreese,0.5,0,9.503511615343056
461,theodorAdorno,0.029506437768240343,0,12.0
462,theirmoss,0.3040847201210287,0,10.0
463,teachMe,0.4539877300613497,0,8.0
464,transpostmeta,274.4148936170213,0,4.0
465,Cooperklebba,0.35628227194492257,0,6.0
466,DallasHam,0.13135593220338984,0,10.0
467,Hamburgo,0.04144144144144144,0,19.0
468,shakemmz,0.060109289617486336,0,9.0
469,schmidtkdp49616,15.0,0,9.0
470,missgreenbird16,6.166666666666667,0,3.0
471,HerDemimonde,0.4721030042918455,0,7.0
472,MustangDuvall,0.11984282907662082,0,10.0
473,Macklux,0.029585798816568046,0,10.0
474,Cpt_Crunch152,0.1111111111111111,0,12.0
475,KaminariGuitar,13.75,0,2.0
476,Asddsa76,0.03597122302158273,0,4.0
477,shawly,0.16467780429594273,0,3.0
478,chrispdx,0.04094360086767896,0,9.0
479,navsandhar,65.0,0,12.0
480,tepidstringysemen,0.11901306240928883,0,14.0
481,Jaycko33,1.0,0,4.0
482,ThalionStallion,8.338028169014084,0,10.0
483,RennaKirisame,0.75,0,9.0
484,Foeee,0.3706766917293233,0,8.0
485,Bigdong884,1.14,0,10.0
486,Steas,2.476923076923077,0,11.0
487,odrade1,0.11764705882352941,0,10.0
488,ALTInsider,0.1951219512195122,0,20.0
489,daddydale_,45.5,0,10.0
490,apkdownload,63644.0,0,16.0
491,logosfabula,0.2594142259414226,0,4.0
492,rapboy01,7.0,0,9.503511615343056
493,NathanJPC,0.21052631578947367,0,3.0
494,BoneyTee,0.051580698835274545,0,5.0
495,CacingNaga,11156.0,0,14.0
496,BFGSkittles,0.05193578847969783,0,16.0
497,rreyes723,1.2857142857142858,0,11.0
498,Seikatsuchan,0.25,0,16.0
499,VoidNoodle,0.03626943005181347,0,20.0
500,whymauri,0.03636363636363636,0,12.0
501,lvav68,0.01327433628318584,0,11.0
502,Starving_Poet,0.01020408163265306,0,8.0
503,OyeSimpson,0.37055837563451777,0,13.0
504,styleez,0.012605042016806723,0,10.0
505,Yetkinler,0.12572582681141126,0,11.0
506,macsrcs,1336.0,0,10.0
507,sayitlikeaGoodGirl,6.175,0,11.0
508,MaaloulaResident_,0.03546099290780142,0,11.0
509,ssl28,0.5,0,9.503511615343056
510,shrikantrane19,96.0,0,4.0
511,Electrivire,0.1406799531066823,0,11.0
512,MadAL96,0.9523809523809523,0,5.0
513,Akanan,0.06429867772880477,0,10.0
514,rotoreuters,306939.0,0,4.0
515,Omega43-j,0.10780669144981413,0,9.0
516,devinrite49,46.0,0,3.0
517,propshaft,1.4228365839803068,0,6.0
518,mia_donowan,5.75,0,6.0
519,Kingrazor22,0.7419354838709677,0,11.0
520,KittyWantsFun,0.11643835616438356,0,8.0
521,mariuolo,0.0165016501650165,0,2.0
522,jonpak,0.12280701754385964,0,11.0
523,halpisforgotten,0.3497536945812808,0,6.0
524,mar10wright,0.05057373565660858,0,8.0
525,Mordenn,0.21030042918454936,0,14.0
526,dynetix,0.05263157894736842,0,19.0
527,redacted187,0.03640661938534279,0,9.0
528,Indra-Varuna,3.932853717026379,0,8.0
529,gamafreak,2.0,0,9.503511615343056
530,clydethefrog,0.19050310910118712,0,4.0
531,d1t017,0.023351648351648352,0,9.0
532,Quidditch3,0.049585104229912975,0,11.0
533,_kate_b,0.827433628318584,0,15.0
534,Belledame-sans-Serif,1.5690093141405588,0,12.0
535,ujames,0.6375266524520256,0,20.0
536,LegendaryKoi,0.07279236276849642,0,9.0
537,Bestintheworld434,0.10666666666666667,0,7.0
538,Ougaa,0.01338432122370937,0,9.0
539,wifeshare_throwaway,1.5294117647058822,0,12.0
540,gdan95,0.3128834355828221,0,7.0
541,thelmgslayer,0.11756168359941944,0,7.0
542,Zeroprotons,0.06382978723404255,0,9.0
543,Pliniomonkey,0.5,0,9.503511615343056
544,Amasero,0.0701468189233279,0,10.0
545,0x3642,3119.3050847457625,0,9.0
546,LunaFish1975,0.24528301886792453,0,7.0
547,strikervulsine,0.02269861286254729,0,9.0
548,dogcomplex,0.05860113421550094,0,14.0
549,notaflyingpotato,0.08638360175695461,0,9.0
550,69Turtles,100.39393939393939,0,12.0
551,bland12,0.05291005291005291,0,9.0
552,Zenithas,0.09090909090909091,0,5.0
553,AnonymousINTJ,1.0,0,9.503511615343056
554,waxds7,9.115942028985508,0,3.0
555,Rubin987,0.4879518072289157,0,8.0
556,pure_rage378,1.6451612903225807,0,7.0
557,Burbwalker,0.1016260162601626,0,8.0
558,dallasdarling,0.016726033761808888,0,9.0
559,LM_Walrus,0.5258620689655172,0,2.0
560,Miss-Omnibus,0.10256410256410256,0,20.0
561,romypoul,19.0,0,18.0
562,bocyogl,0.1334214002642008,0,20.0
563,x_randomsghost,0.12962962962962962,0,3.0
564,spaceblogs,13174.0,0,8.0
565,reticulated_python,0.056968463886063074,0,8.0
566,BumblebeeBingo,0.7931034482758621,0,4.0
567,tygth,0.42424242424242425,0,11.0
568,Laocedric16,0.5546218487394958,0,4.0
569,unremovable,8738.125,0,8.0
570,TheRaiBoi97,0.10856573705179283,0,9.0
571,WtfuckKoby,0.35714285714285715,0,13.0
572,Mianihtesham,86.0,0,3.0
573,Baihudragon,0.012285012285012284,0,3.0
574,alypigcahighve,1.0,0,9.503511615343056
575,spoonfedkyle,0.037177063642092,0,10.0
576,PedroSmite,0.4,0,9.503511615343056
577,OneWhoDiesEVERYTIME,0.07692307692307693,0,19.0
578,Imanagedmischief,0.21176470588235294,0,8.0
579,Broken_Slinky,0.12972972972972974,0,16.0
580,Neo_Blue_68,0.75,0,5.0
581,KellyStrack,133.0,0,7.0
582,babou_2,0.14754098360655737,0,8.0
583,MullenMan,0.68,0,9.0
584,mafia16,0.0847457627118644,0,8.0
585,TheDragonoftheWheel,0.3,0,13.0
586,NaradhMuni,23791.0,0,8.0
587,NaradhMuni,23791.0,0,8.0
588,achmejedidad,0.10497237569060773,0,2.0
589,kieran184,8.692307692307692,0,15.0
590,ComoK,0.031050228310502283,0,10.0
591,just_joined_reddit_,1.0,0,11.0
592,p0wderz,0.12280701754385964,0,19.0
593,ethicalxhacker,0.12921348314606743,0,8.0
594,N0GloveN0Love,0.1288888888888889,0,6.0
595,neetance,0.05454545454545454,0,10.0
596,Briighteyes16,0.25824175824175827,0,10.0
597,ricardofayet,0.4666666666666667,0,9.0
598,7hopesaw,0.2894736842105263,0,9.503511615343056
599,WalkingVirusGaming,0.0706880301602262,0,10.0
600,tesla_beats_edison,9.03225806451613,0,9.0
601,rickdg,0.027048528241845664,0,6.0
602,some_sort_of_monkey,0.03546592489568846,0,8.0
603,abyssmalvoid,0.2,0,9.503511615343056
604,daveistaken,6.0,0,10.0
605,no-body,0.2571428571428571,0,9.503511615343056
606,st3veo,0.5714285714285714,0,9.503511615343056
607,philwinder,3.0,0,17.0
608,saltwatas,0.25925925925925924,0,7.0
609,EschewObfuscation10,5.929595015576324,0,4.0
610,Pawtpie,0.21978021978021978,0,8.0
611,Soulaixx,42.5,0,6.0
612,flock_of_meese,0.3416666666666667,0,10.0
613,JamesD42,417.0,0,6.0
614,asdfAlec,0.18410041841004185,0,6.0
615,stealthmatt,0.30666666666666664,0,6.0
616,chelster1003,0.012903225806451613,0,13.0
617,obeytrafficlights,0.019417475728155338,0,16.0
618,wethair79,1.4116666666666666,0,4.0
619,sashatlhs,0.15789473684210525,0,8.0
620,12345littlepeople,1.5263157894736843,0,8.0
621,WhitneyStar,0.5,0,12.0
622,chansalean,333.0,0,18.0
623,cashortrade,13372.0,0,11.0
624,tonyyy555,1.0,0,6.0
625,lia85,5.0,0,9.503511615343056
626,Reignbringer,0.18018018018018017,0,9.503511615343056
627,bb0589,0.3770375620127569,0,3.0
628,TheWalkinDewd,0.21505376344086022,0,9.0
629,Powell06Hull,2.0,0,10.0
630,nashj001,78.25,0,7.0
631,Red10101,0.1282051282051282,0,4.0
632,throwawayintoface,0.07251908396946564,0,3.0
633,MessageDeliver314,53.0,0,11.0
634,melendus69,1.0,0,6.0
635,9Tskid,0.21764705882352942,0,8.0
636,ZakuTwo,0.03753026634382567,0,6.0
637,Darig0n,0.22282608695652173,0,14.0
638,ambidexterously,0.5853658536585366,0,18.0
639,Countdown369,0.1888412017167382,0,2.0
640,gevera,0.6164383561643836,0,8.0
641,singedpancakes,2.0,0,18.0
642,terattt,1.2255707762557078,0,20.0
643,parkavenuesmartlipo,75.0,0,9.503511615343056
644,Geno_is_God,0.012345679012345678,0,14.0
645,gonnalearnmesomethin,0.10526315789473684,0,12.0
646,Good_Sauce,0.020833333333333332,0,9.0
647,coreys1127,0.9456521739130435,0,11.0
648,UnregisteredSarcasm,0.3010752688172043,0,16.0
649,digitalcriminal,0.023960535588442564,0,17.0
650,Thatelplay,3.0,0,8.0
651,RileyRuButt,0.12121212121212122,0,3.0
652,lordhercules,219.0,0,7.0
653,cheesedog22,0.8888888888888888,0,8.0
654,Ssttaavvii,0.30434782608695654,0,19.0
655,HoochIsCraaaazy,0.06298200514138817,0,9.0
656,sassy1646,3.2745098039215685,0,19.0
657,GifsHunter,1.8404669260700388,0,13.0
658,Smuggus,0.05434782608695652,0,12.0
659,jrwhite8,0.0011299435028248588,0,14.0
660,pluka,0.5833333333333334,0,3.0
661,exaenae,0.07479861910241657,0,5.0
662,King_Jaehaerys,0.14814814814814814,0,11.0
663,BobatheVet,1.3181818181818181,0,12.0
664,Andre27,0.12291666666666666,0,8.0
665,Hen-Ecch,0.7411402157164869,0,9.0
666,skippy1347,0.17647058823529413,0,9.0
667,realzonder,0.17164179104477612,0,9.0
668,capmerah,2.967741935483871,0,9.0
669,elsywadsworth,8899.0,0,10.0
670,elsywadsworth,8899.0,0,12.0
671,elsywadsworth,8899.0,0,4.0
672,Infamyyy,0.36607142857142855,0,15.0
673,brianzeng1999,8.5,0,9.0
674,Greg_kot,0.4444444444444444,0,11.0
675,greeny74,0.23322851153039834,0,9.503511615343056
676,TheGuyAboveMeEatsPoo,0.018094731240021287,0,12.0
677,AlpineBear1,0.099644128113879,0,20.0
678,sanctui,0.24489795918367346,0,8.0
679,TheMexicanMAP,2.0,0,4.0
680,HotSatin,0.09060402684563758,0,13.0
681,Kwuahh,0.12564102564102564,0,3.0
682,TheItinerantSkeptic,0.07631578947368421,0,9.0
683,shootflexo,0.2425249169435216,0,10.0
684,curiosity_the_rover,0.07666666666666666,0,9.0
685,XNooBKilleRx,0.7272727272727273,0,16.0
686,YIIZWL,0.163727959697733,0,9.0
687,Run-GMC,0.40375203915171287,0,2.0
688,2_da_resQ,0.3103448275862069,0,18.0
689,Iheartdragonsmore,0.5098039215686274,0,20.0
690,spookyspooky1,0.3333333333333333,0,19.0
691,2fprn2fp,0.4444444444444444,0,15.0
692,NegativeBinomialM136,0.14285714285714285,0,20.0
693,RedBull_Fanatic,1.0,0,8.0
694,nootropadelic,0.06397306397306397,0,7.0
695,The2500,0.14634146341463414,0,2.0
696,LaddZilla,0.1731748726655348,0,9.0
697,cuttlefish_tragedy,0.006172839506172839,0,7.0
698,amici_ursi,1.025821351137208,0,13.0
699,amici_ursi,1.025821351137208,0,19.0
700,SlightlyB0SS,0.10321489001692047,0,9.503511615343056
701,JackTheRiipper6,0.24324324324324326,0,9.0
702,Thermikz,0.13520871143375682,0,17.0
703,NewJerseyFreakshow,2.150294391075302,0,19.0
704,Left4pillz,0.03304721030042918,0,9.0
705,saamrad,0.08759124087591241,0,2.0
706,CoolDragon,0.1652542372881356,0,3.0
707,mackouta,0.05042016806722689,0,20.0
708,AmerieHartree,1.0582822085889572,0,7.0
709,PingToThePong1994,1.0,0,18.0
710,Drugen82,0.5142857142857142,0,2.0
711,CharChar12,0.07292616226071102,0,18.0
712,bluekitdon,6.8152866242038215,0,9.503511615343056
713,crispsix,0.03482587064676617,0,10.0
714,Filmndru,0.13333333333333333,0,8.0
715,henrythechump,5.42023346303502,0,2.0
716,MortalHyb,0.23529411764705882,0,3.0
717,magenta_placenta,1.2577205882352942,0,4.0
718,mmhawk576,0.038461538461538464,0,8.0
719,kingsuge,0.15517241379310345,0,5.0
720,Chocovich,16.0,0,9.0
721,bhcks,6.0,0,19.0
722,KnownByManyNames,0.18282614956321397,0,14.0
723,AspenxNL,13.5,0,9.0
724,BeardBro95,0.22281167108753316,0,9.503511615343056
725,ThaPornGuy,5.714285714285714,0,19.0
726,SrslyYouToo,0.030893536121673004,0,10.0
727,acekiller117,0.8888888888888888,0,10.0
728,iamdigidude,0.10838206627680312,0,12.0
729,chinofcobb,0.5352112676056338,0,9.503511615343056
730,rishinator,0.09572649572649573,0,12.0
731,ZombieSean,0.016129032258064516,0,10.0
732,MattsWorldoWonders,0.16574585635359115,0,5.0
733,ancl3333,0.015350877192982455,0,15.0
734,cpo1979,3.0,0,7.0
735,breeks,0.07514450867052024,0,8.0
736,COHL7500,0.1087151841868823,0,3.0
737,luci69,0.03937007874015748,0,12.0
738,maesterofwhisperers,0.056818181818181816,0,10.0
739,Archon6,0.42857142857142855,0,8.0
740,ryantucker1986,0.05507246376811594,0,10.0
741,sun_wolf,0.00488440247476392,0,3.0
742,tortiecat_tx,0.011904761904761904,0,14.0
743,SonicTHD,0.0696190654907112,0,9.0
744,CockadileSlurpeeFart,0.08368200836820083,0,6.0
745,OneWingedAngeI,0.04497354497354497,0,6.0
746,saivignesh51,2.3859649122807016,0,9.0
747,StuartJ1210,2.0,0,9.503511615343056
748,Glen_Bateman,0.1509433962264151,0,11.0
749,Paperthinplasticbag,0.017241379310344827,0,5.0
750,apollorockit,0.21442687747035574,0,11.0
751,DarkJedi3000,2.111111111111111,0,9.0
752,Parey_,0.017943987925540836,0,9.503511615343056
753,banzaizach,0.15630657815328908,0,9.503511615343056
754,notakat,0.17898832684824903,0,10.0
755,Zanowin,0.13587347232207045,0,10.0
756,HaddyHaddy49,1.0,0,14.0
757,Metallicabody,0.16954545454545455,0,9.503511615343056
758,tempk,0.25,0,5.0
759,xXXmlgproseris420XXx,0.8,0,12.0
760,Major_OldCatbastard,0.0024834437086092716,0,9.503511615343056
761,Schizoid_Llama,0.10336906584992343,0,9.0
762,galakfryar,0.48722627737226276,0,5.0
763,stokesy56,1.0,0,6.0
764,ShowerCoffee,0.6666666666666666,0,11.0
765,aintnos,0.006998444790046656,0,12.0
766,WinterIsComin,0.044009779951100246,0,11.0
767,cookiemonsteroncsgo,6.0,0,9.0
768,GrasshopperxDD,0.6551724137931034,0,9.503511615343056
769,drewgarr,0.4407796101949025,0,8.0
770,Roarence,0.02721774193548387,0,9.0
771,merry722,0.045205083766608894,0,5.0
772,bazzagibb,0.09090909090909091,0,9.503511615343056
773,SlimtheMidgetKiller,0.1900369003690037,0,13.0
774,texacer,0.08051777095217201,0,18.0
775,RKellysVictim,0.06329113924050633,0,2.0
776,Isotopes505,0.0374331550802139,0,9.0
777,darkrasp,0.32,0,10.0
778,isniffsharpies,0.04411764705882353,0,8.0
779,Church_Builders,25.0,0,10.0
780,imperfectman,0.10690287110568113,0,13.0
781,drizzleclown,0.18823529411764706,0,9.0
782,haoest,0.10714285714285714,0,11.0
783,Lasercoolman,0.16379310344827586,0,2.0
784,SDmaverick,92.66666666666667,0,2.0
785,PeytonAvery19,1.1275720164609053,0,9.503511615343056
786,CreedOfMiles,0.10468594217347957,0,9.503511615343056
787,njmaverick,0.04614445219818562,0,20.0
788,pptrt,0.3333333333333333,0,3.0
789,mmohsinn,81.71428571428571,0,10.0
790,livethepearljam,0.14285714285714285,0,4.0
791,gymequipmentspunjab,76.0,0,9.503511615343056
792,Bwardie,0.15441860465116278,0,8.0
793,aznapwned,0.08455882352941177,0,9.0
794,giwndklewe,1.4565217391304348,0,7.0
795,poedgirl,0.09195402298850575,0,9.503511615343056
796,Evil_von_Scary,0.3185840707964602,0,8.0
797,wolvestooth,0.07946210268948656,0,10.0
798,naton566,0.11764705882352941,0,9.503511615343056
799,EnragedFuhrer,0.7272727272727273,0,9.503511615343056
800,Multiplex237,0.3285123966942149,0,7.0
801,Countcrunkula,0.13765182186234817,0,12.0
802,King-Of-The-Raves,0.258974358974359,0,20.0
803,Shibbyone,0.0796812749003984,0,20.0
804,eatmydonuts,0.11512717536813923,0,5.0
805,Xanlis,0.02020777002988473,0,2.0
806,AcezProduction,0.9777777777777777,0,9.0
807,georgesmith1312,131.0,0,9.0
808,thenovascotian17,0.8846153846153846,0,8.0
809,Bryggeriet,1.75,0,16.0
810,whodey17,0.057458563535911604,0,3.0
811,Throoway98,2.0,0,10.0
812,babaloopant,0.047619047619047616,0,18.0
813,h4xr4nubs,40.0,0,3.0
814,nagrathon,0.12615384615384614,0,20.0
815,Dr_Kang,0.14285714285714285,0,9.503511615343056
816,lnfinity,1.439811457577955,0,19.0
817,Xynergy210,0.06637168141592921,0,7.0
818,JacobSDN,0.0446521287642783,0,9.0
819,brianbrennan,0.026443980514961725,0,20.0
820,Pznberry,0.20930232558139536,0,7.0
821,ElusiveJM,0.3333333333333333,0,9.503511615343056
822,ToxicFlames,0.28888888888888886,0,9.503511615343056
823,VelociraptorPTT,0.5789473684210527,0,11.0
824,noondesertsky,24.4,0,16.0
825,PotRoastBoobs,1.4236371202663338,0,2.0
826,beylikduzukiralik34,1.6,0,17.0
827,campex,0.21428571428571427,0,14.0
828,ssdance,0.5714285714285714,0,7.0
829,GiveMeAUser,0.015267175572519083,0,11.0
830,StreetfighterXD,0.03202697008006743,0,6.0
831,_boldwick,0.0906515580736544,0,5.0
832,Kayezy,1.0,0,13.0
833,GroupGnosis,0.28,0,9.503511615343056
834,damurse,0.22033898305084745,0,11.0
835,SaintOfSwamps,0.5,0,9.503511615343056
836,Lostvision,0.14874551971326164,0,9.503511615343056
837,oOPassiveMenisOo,0.3076923076923077,0,17.0
838,CDRE_64,3.244396005773366,0,6.0
839,Firecrackers,0.26871657754010697,0,12.0
840,notice_moi,0.4791666666666667,0,9.0
841,dnlfrc,0.031204644412191583,0,10.0
842,Cash091,0.01882845188284519,0,16.0
843,ji209,1.0,0,20.0
844,ZyzSlays,0.18697033898305085,0,9.503511615343056
845,imrightman,0.07142857142857142,0,7.0
846,pornand,3.702127659574468,0,9.0
847,MrJHound,0.015984015984015984,0,10.0
848,ojams,0.026537997587454766,0,9.0
849,Superevilangel89,19.375,0,9.0
850,very_nice_how_much,0.11663066954643629,0,18.0
851,lifeisgreat_101,0.2,0,12.0
852,smilinreap,0.21320411871592973,0,9.0
853,ContentForager,1.0269236674250144,0,10.0
854,SomeRandomGuyyy1,0.5454545454545454,0,9.503511615343056
855,alx429,0.13043478260869565,0,12.0
856,doorscanopen,0.2463768115942029,0,20.0
857,GaianHelmers,0.13167259786476868,0,7.0
858,unbreaKwOw,0.2175925925925926,0,20.0
859,Kapernacas,0.1111111111111111,0,16.0
860,void-z,0.44565217391304346,0,11.0
861,SimplyGraded,4.0,0,9.0
862,Orangutan,2.9504603244191143,0,6.0
863,RadSocks,0.25818639798488663,0,13.0
864,EnergyHealer257,0.15210355987055016,0,5.0
865,verticalcoloum,1.0,0,20.0
866,RideshareFiend,1264.0,0,6.0
867,Stoutpup,0.717948717948718,0,5.0
868,bwandowando,0.11301369863013698,0,19.0
869,elikat,0.15319148936170213,0,3.0
870,flor14n4,625.0,0,2.0
871,apmechev,0.028831562974203338,0,3.0
872,blackiechan99,0.2328767123287671,0,9.503511615343056
873,dorkdiariesisforboys,0.08449074074074074,0,3.0
874,nmvshguier,7387.0,0,8.0
875,Krookes,1.0,0,12.0
876,AndyDrew23,0.19659735349716445,0,9.0
877,PeanutBlocks,0.12781954887218044,0,2.0
878,seljamark111,53.0,0,12.0
879,henryfc,3.3467336683417086,0,14.0
880,georgie411,0.0038748137108792846,0,6.0
881,garrettj100,0.040983606557377046,0,9.0
882,notforsall,0.29265658747300216,0,2.0
883,tentacularly,0.044596912521440824,0,9.503511615343056
884,tacomcnacho,0.08766603415559772,0,11.0
885,ttvilla,0.25,0,7.0
886,toofit4you,0.043478260869565216,0,6.0
887,Silithas,0.5134615384615384,0,9.0
888,KeeperOfCoats,0.0942684766214178,0,9.503511615343056
889,PolarSuccess,0.5,0,8.0
890,GOOCH_BRUISER,0.06190476190476191,0,7.0
891,Filmkid7,0.07317073170731707,0,12.0
892,missinginput,0.015294117647058824,0,10.0
893,Shockwave2055,0.39919354838709675,0,8.0
894,fletcherDCE,0.17142857142857143,0,4.0
895,waynewideopenTD,0.04434337691870381,0,9.503511615343056
896,KuriousGamer,1.0,0,9.0
897,SargentMcSwag,0.03699551569506727,0,9.503511615343056
898,dagbrown,0.018447348193697154,0,10.0
899,madhpark,0.375,0,20.0
900,chainsmokers1,1.163265306122449,0,13.0
901,solomonmartinez,0.7989821882951654,0,10.0
902,asangasa,45.0,0,18.0
903,LRose1825,0.04223433242506812,0,9.503511615343056
904,OfMugsAndDoughnuts,0.3333333333333333,0,5.0
905,megaflory,2.0,0,9.503511615343056
906,Wizardofgreece,1.0,0,9.0
907,Joey1020,0.35294117647058826,0,11.0
908,limiear,16321.0,0,10.0
909,lilsneacky509,4.739130434782608,0,19.0
910,clemmierobert,4868.0,0,9.0
911,therunningchimp,1.4,0,7.0
912,mr_glasses,0.02168021680216802,0,9.0
913,Fiach_Dubh,0.10980392156862745,0,3.0
914,cloudreflect,1.0,0,11.0
915,ageeksgirl08,0.03484848484848485,0,10.0
916,theBuddhaofGaming,0.12994350282485875,0,19.0
917,Edge2GG,1.0,0,9.0
918,Mauvefordandsons,1.0,0,10.0
919,Hairyballzak,0.6656017039403621,0,10.0
920,BlackAsphodel,94.8048780487805,0,19.0
921,turnheads,32.55555555555556,0,4.0
922,jb3x25,0.5,0,10.0
923,PifDM1,0.5294117647058824,0,2.0
924,pepsi_next,37912.0,0,6.0
925,crabster_b,53.07692307692308,0,13.0
926,uMnNoor,2.0,0,14.0
927,notespeller2,63.80246913580247,0,2.0
928,blackbird921,0.5277777777777778,0,9.0
929,LaD-Cucho,1.2622950819672132,0,9.0
930,naturalbornkiller21,0.25806451612903225,0,5.0
931,Throwawaybaby1256,0.22727272727272727,0,3.0
932,Arbiship,0.5,0,7.0
933,TheseColorsDoNotRun,0.2676056338028169,0,6.0
934,ScarsHCF,0.02654462242562929,0,3.0
935,Thaddman,1.0,0,8.0
936,TheEverWatchful,0.6618705035971223,0,19.0
937,rhcp88,1.3570718781053328,0,12.0
938,That_one_cool_dude,0.24272910188403146,0,8.0
939,keldridge2000,1.0,0,3.0
940,gelosmelo,0.2719546742209632,0,2.0
941,NinjaDiscoJesus,1.0248447204968945,0,15.0
942,NEETpurple,0.1411764705882353,0,7.0
943,throwaway19119119,1.0,0,11.0
944,AtariiXV,0.0703125,0,10.0
945,eeeeera,0.5,0,10.0
946,beephcake90,0.8181818181818182,0,9.503511615343056
947,Ppacillo,1.0,0,2.0
948,Calem54,0.25,0,10.0
949,Ruggervt14,0.30612244897959184,0,8.0
950,Grimzentide,0.2682926829268293,0,8.0
951,elievano,0.12732919254658384,0,8.0
952,newsheraldinoh,20.0,0,4.0
953,Astore3094,0.75,0,10.0
954,manifever,1.0,0,7.0
955,tranthuyhy1234,312.0,0,10.0
956,PotatoCooks,1.0,0,9.503511615343056
957,nickpapa88,0.75,0,9.0
958,MiningEngineerVT,0.5,0,9.0
959,mulpay6538,1.0,0,8.0
960,tjosti,0.14285714285714285,0,10.0
961,Gabrielle_of_York,0.16985645933014354,0,10.0
962,Imallabouthetaste,0.3333333333333333,0,11.0
963,quantum-quetzal,0.041666666666666664,0,13.0
964,pikapikajeww,0.5869565217391305,0,9.503511615343056
965,grody10,1.2088235294117646,0,6.0
966,Endrick65,4.88,0,9.0
967,Bugsly,0.509090909090909,0,9.0
968,okinawalinuxfan,0.2774566473988439,0,7.0
969,frickoffanddie,0.78125,0,11.0
970,Fit_Guy_With_Snacks,0.7692307692307693,0,8.0
971,ryb0t0,0.11659192825112108,0,9.503511615343056
972,rupeybaby,0.018691588785046728,0,19.0
973,rashelalo1012,121.0,0,8.0
974,chozenelite,0.13793103448275862,0,9.0
975,jakogazi,21.0,0,7.0
976,FuneralCasket,0.5599369085173501,0,8.0
977,goldenfelix,0.24415584415584415,0,9.0
978,zyrexrave,0.5652173913043478,0,9.0
979,Charge1992,0.11559633027522936,0,9.0
980,Liplok,0.3627232142857143,0,2.0
981,collectivecheckup,0.12127894156560089,0,9.0
982,Laniph,0.3504531722054381,0,8.0
983,PthrowawayConfession,0.16666666666666666,0,2.0
984,lauren-gonewild,0.33707865168539325,0,12.0
985,perrarm,0.12016460905349795,0,14.0
986,bobleflambeur,2.016949152542373,0,9.0
987,WhatInSe7enHells,0.042907180385288964,0,10.0
988,Oni3Delta,0.09176672384219554,0,9.0
989,eyeffensive,0.06043956043956044,0,9.503511615343056
990,wiseprogressivethink,2.9310344827586206,0,9.0
991,funnyman95,0.025054945054945054,0,10.0
992,Glenn55whelan,0.02599388379204893,0,17.0
993,dperron33,0.2542372881355932,0,13.0
994,Hold_the_door16,0.3333333333333333,0,6.0
995,MurdokX,11.285714285714286,0,3.0
996,Lawama,0.011074356392923918,0,8.0
997,corey1031d,0.05202020202020202,0,7.0
998,farmtrack60,24.5,0,10.0
999,ICEDv1,0.16666666666666666,0,9.503511615343056
1000,tralalove,0.07256235827664399,0,17.0
1001,kash_if,0.09193357058125741,0,9.0
1002,dantalyian,0.0891089108910891,0,7.0
1003,darazi,0.22140221402214022,0,9.503511615343056
1004,ttdi101,1.0,0,8.0
1005,Aiwayume,5.885977680737506,0,7.0
1006,Edinmeister,0.4813953488372093,0,19.0
1007,whitestairs123,1.0,0,14.0
1008,Bucolic_Intent,0.12429378531073447,0,9.503511615343056
1009,KetoJam,0.0878740157480315,0,9.0
1010,Mr_E_Wolf,0.08239700374531835,0,8.0
1011,mosacra,0.2,0,2.0
1012,sweetbookremedy,4.0,0,9.503511615343056
1013,ModestMotion,0.38461538461538464,0,11.0
1014,Alwaysfair,0.07269653423499578,0,11.0
1015,DarthKegger,0.017135023989033583,0,4.0
1016,NoriNatsu,0.17543859649122806,0,10.0
1017,_Ebolivia_,1.0,0,9.0
1018,itsmethepro,0.19428571428571428,0,17.0
1019,Zilzza,0.056451612903225805,0,6.0
1020,LilLottie,0.2,0,3.0
1021,swoopdoop,4.535433070866142,0,10.0
1022,JordanisJustified,0.0986159169550173,0,20.0
1023,Robosheeple,0.1703056768558952,0,8.0
1024,1point618,0.06281661600810537,0,8.0
1025,KVillain,0.05319148936170213,0,5.0
1026,Starrwarrs,0.2727272727272727,0,2.0
1027,TradingMates,8879.0,0,8.0
1028,kaucc,0.03773584905660377,0,20.0
1029,havechanged,0.06284153005464481,0,19.0
1030,Lugoxxx,2.142857142857143,0,11.0
1031,amphetamachine,0.11926058437686345,0,9.0
1032,courtneyrachh,0.10833333333333334,0,10.0
1033,throwawayqazqaz2,1.0,0,18.0
1034,kaz_a,0.42,0,10.0
1035,Blakeyblake69,0.11764705882352941,0,11.0
1036,MagnusVonWittrup,1.0,0,10.0
1037,JimmyAJames,0.3544813695871098,0,9.0
1038,longtime_lurker_here,0.21052631578947367,0,15.0
1039,Boredness_,1.2608695652173914,0,12.0
1040,AshleyWarwa,71.0,0,8.0
1041,EvolutionUber,0.09195402298850575,0,8.0
1042,wasabi_Pea_pew_pew,0.22837370242214533,0,2.0
1043,thebakedpenguin,0.10612244897959183,0,12.0
1044,Evillisa,0.103263413181296,0,11.0
1045,LeonardoFibonacci,0.13846153846153847,0,9.503511615343056
1046,3waykid,0.06818181818181818,0,20.0
1047,XblZephria,0.8871252204585538,0,9.503511615343056
1048,trenon,0.06382978723404255,0,8.0
1049,Vhanrox,0.03875968992248062,0,4.0
1050,MainChan,0.4309284447072738,0,18.0
1051,Woarki_Reurvi,2129.0,0,14.0
1052,MPTrep,512.2608695652174,0,8.0
1053,Narelex,0.033623910336239106,0,20.0
1054,megaerotica,6741.0,0,10.0
1055,bunchy,0.2702702702702703,0,11.0
1056,marquisad98,0.14835164835164835,0,11.0
1057,DarthGogeta,0.002890173410404624,0,6.0
1058,thehypnotoaddd,1.0,0,10.0
1059,careerplatypus,0.35,0,20.0
1060,iAmAnAnonymousHero,751.5333333333333,0,12.0
1061,ewlandon1,0.09230769230769231,0,14.0
1062,Nukaz_,0.6585365853658537,0,9.0
1063,Mister_Veritas,0.042748091603053436,0,16.0
1064,tub939977,0.2564102564102564,0,19.0
1065,Raveynfyre,0.020151679306608883,0,12.0
1066,offthewoods,1.803921568627451,0,9.503511615343056
1067,willipsbrighton87,0.12,0,11.0
1068,amanager,0.20588235294117646,0,12.0
1069,JAlbert653,1.0729166666666667,0,9.503511615343056
1070,shabit87,0.15315315315315314,0,20.0
1071,Legoluigi00,0.4644808743169399,0,7.0
1072,ginganinja709,0.75,0,2.0
1073,TheLaw95,0.1875,0,8.0
1074,StarrikKyrubui,1.5,0,9.503511615343056
1075,thedub352,0.4375,0,8.0
1076,miggieramone,0.23471882640586797,0,10.0
1077,Delialearn2,0.4988662131519274,0,18.0
1078,pet4miss,25.666666666666668,0,8.0
1079,panafricanation,0.30434782608695654,0,8.0
1080,sexbeast420,0.19196428571428573,0,20.0
1081,jd52995,0.02706359945872801,0,13.0
1082,lightblade76,0.32727272727272727,0,10.0
1083,aer0des1gn,0.04887218045112782,0,7.0
1084,JennasisTV,0.15789473684210525,0,3.0
1085,SirDoober,0.02266152362584378,0,17.0
1086,FtDLulz,0.058823529411764705,0,12.0
1087,Mellinsky,0.3686440677966102,0,12.0
1088,Odatas,0.0282513395031661,0,7.0
1089,almazan312,0.34408602150537637,0,11.0
1090,fabyquinci,0.30434782608695654,0,9.503511615343056
1091,Ralphii,0.19246861924686193,0,3.0
1092,plotaramifikbi,1.0,0,6.0
1093,ayylmao420noscope,0.08255451713395638,0,9.503511615343056
1094,daz260,2.0,0,9.503511615343056
1095,Hawker_Youtube,0.5909090909090909,0,9.503511615343056
1096,khuntslayer,0.73,0,2.0
1097,Torvusil,1.3275725742686095,0,17.0
1098,bonerections,0.4375,0,19.0
1099,23350z,4.548076923076923,0,14.0
1100,sandwichstevee,1.0789473684210527,0,13.0
1101,boywonder5691,0.03673292999135696,0,7.0
1102,zoee2367,2.0,0,11.0
1103,pdido1,0.5538461538461539,0,9.0
1104,Shih_Tzu_Club,287.0,0,4.0
1105,baconhwang,0.11965811965811966,0,8.0
1106,wildcodegowrong,31.047619047619047,0,17.0
1107,nemodot,0.12335958005249344,0,16.0
1108,Synbrez,0.07936507936507936,0,9.503511615343056
1109,Drpimplepopper,0.5825242718446602,0,2.0
1110,JustHiro,16.666666666666668,0,4.0
1111,shakedst,0.27741935483870966,0,5.0
1112,bevmoon,9.188888888888888,0,5.0
1113,Chemical_Warfare,0.2,0,5.0
1114,mic_czech,1.0,0,9.503511615343056
1115,paperconservation101,0.002207505518763797,0,4.0
1116,im_new_here___,0.8,0,10.0
1117,stupidliam,0.2191780821917808,0,19.0
1118,JonNYBlazinAzN,0.039723661485319514,0,20.0
1119,postitobrien,0.5490196078431373,0,12.0
1120,Kbook92,0.6428571428571429,0,6.0
1121,samw139,0.23214285714285715,0,11.0
1122,mickey_2011,1.3636363636363635,0,3.0
1123,Hoobahoo,0.3235294117647059,0,9.0
1124,Promotions2,1.0,0,5.0
1125,danbill3645,1.0,0,20.0
1126,besteurope,601.56,0,11.0
1127,angrygnome18d,0.07223113964686999,0,3.0
1128,starterz,0.12403100775193798,0,10.0
1129,jedi2112,1.7444794952681388,0,18.0
1130,sand_mann,37.008053691275165,0,15.0
1131,black_notes,0.22347949080622348,0,7.0
1132,Audemus,0.12738853503184713,0,13.0
1133,mrbobathan,0.21518987341772153,0,10.0
1134,masterkrabban,0.12254901960784313,0,5.0
1135,ahotparty,149.0,0,9.0
1136,themonkery,0.10326086956521739,0,9.0
1137,Tyran7us,0.5284090909090909,0,8.0
1138,nitehawk39,0.3056768558951965,0,8.0
1139,MediExcalibur2012,1.4259259259259258,0,3.0
1140,SpringloadedGiraffes,0.125,0,19.0
1141,TheGoobatron,0.011235955056179775,0,8.0
1142,DarkslayerTV,2.1052631578947367,0,9.0
1143,throwaway672920,0.02132701421800948,0,5.0
1144,HAESisAMyth,0.011992168379833579,0,12.0
1145,dank420memes1337,0.32387706855791965,0,2.0
1146,TallWhiteandNerdy,0.16585365853658537,0,16.0
1147,Always_Classy69,0.4139941690962099,0,7.0
1148,17link7,0.45161290322580644,0,9.0
1149,jerebine,0.06578947368421052,0,13.0
1150,nesmetihor,65.0,0,3.0
1151,Tsurugunomai,0.12,0,2.0
1152,testing78378,1.8166666666666667,0,7.0
1153,Drjosh84,4.260869565217392,0,8.0
1154,Iammackka,1.5555555555555556,0,9.0
1155,SonOfSeath,0.03805279396640384,0,4.0
1156,refusedeny,0.09316770186335403,0,6.0
1157,Islandemb,1.0,0,8.0
1158,Petie1106,2.0,0,9.0
1159,fnkwuweh,0.24489795918367346,0,12.0
1160,notdanieljones,0.16279069767441862,0,9.0
1161,ll_HARRY_ll,2.0,0,12.0
1162,squigglystardust,0.45454545454545453,0,16.0
1163,Blubbll,0.1580900145184707,0,2.0
1164,panthergame,0.35799522673031026,0,10.0
1165,facepalm_the_world,0.03260869565217391,0,9.0
1166,Kuru2061,3.0,0,8.0
1167,Sukhmaan,34.0,0,9.503511615343056
1168,soupb,3795.0,0,2.0
1169,Lamb_the_Man,0.04938271604938271,0,8.0
1170,Wolfiewolf111,2.0833333333333335,0,9.503511615343056
1171,quasimai,0.42718446601941745,0,10.0
1172,woti94,1.4053254437869822,0,9.503511615343056
1173,markojevtic,1.5416666666666667,0,9.503511615343056
1174,sylverr_47,0.31962481962481964,0,17.0
1175,RyanHayabusa,0.3561643835616438,0,7.0
1176,rollerpigeons,0.09848484848484848,0,10.0
1177,Sojali,0.3179190751445087,0,9.0
1178,Noah_Bro,0.5281899109792285,0,9.0
1179,Warneral,0.04821334734629532,0,8.0
1180,VectorLightning,0.15639211723092472,0,20.0
1181,Canosardines,1.3571428571428572,0,5.0
1182,pengo,0.22033898305084745,0,8.0
1183,Anelly607,0.6666666666666666,0,4.0
1184,ChibiLawl,0.10486891385767791,0,9.0
1185,Not_Again_Reddit,0.7867647058823529,0,12.0
1186,Gibbinthegremlin,0.4064516129032258,0,4.0
1187,ChickenDinero,0.018150388936905792,0,8.0
1188,arvindds,0.25,0,8.0
1189,sleepingin,0.054945054945054944,0,8.0
1190,Jeriaska_,14.627450980392156,0,11.0
1191,nudelete,8.272462265984323,0,8.0
1192,nudelete,8.272462265984323,0,11.0
1193,nudelete,8.272462265984323,0,12.0
1194,riskymilk,0.37254901960784315,0,9.503511615343056
1195,Shambaliano,0.16666666666666666,0,20.0
1196,Foxgott16,734.5582524271845,0,10.0
1197,OdaLiveMatters,0.2,0,10.0
1198,otanews_books,37162.0,0,3.0
1199,SpinningBPH,0.5,0,12.0
1200,tcurnutte,0.1430635838150289,0,7.0
1201,FireFromtheHorizon,0.1440677966101695,0,10.0
1202,brooke729,112.85714285714286,0,10.0
1203,adrianomaini,263.0,0,10.0
1204,evosinite,0.6,0,9.503511615343056
1205,horatiowilliams,0.21839080459770116,0,14.0
1206,BeiBeiLove,984.0,0,6.0
1207,boredatwork327,0.14285714285714285,0,8.0
1208,PregnantTaco,0.14583333333333334,0,3.0
1209,BobKim,0.046232876712328765,0,9.503511615343056
1210,KingCoog,0.25,0,9.0
1211,Trigonn,0.20588235294117646,0,16.0
1212,FuzzyManPeach,0.18823529411764706,0,6.0
1213,Brandon58DT,0.37755102040816324,0,10.0
1214,HeWhoCouldBeNamed,0.020975486479656306,0,8.0
1215,MeTheImaginaryWizard,0.005100595069424767,0,5.0
1216,lutzlstein,0.5,0,13.0
1217,rgdts,1.0,0,10.0
1218,MarkV40,0.17759562841530055,0,9.503511615343056
1219,raybanned5,7.666666666666667,0,10.0
1220,Wherewolf28,0.24444444444444444,0,16.0
1221,Homefriesyum,0.06005221932114883,0,7.0
1222,jacketjockey,0.20930232558139536,0,11.0
1223,GreatDanton7,0.38461538461538464,0,9.503511615343056
1224,progress18,2.160740962055572,0,11.0
1225,Lpup,0.16164383561643836,0,9.503511615343056
1226,sendokan,0.058823529411764705,0,20.0
1227,Behold_the_Baroness,0.08695652173913043,0,3.0
1228,phendara,0.1588785046728972,0,8.0
1229,chalkchick0,0.5810191426260447,0,4.0
1230,NotoriousEnemy12,0.2375,0,6.0
1231,shstang,0.5,0,7.0
1232,Vespertine32,0.3157894736842105,0,11.0
1233,spectrumviewpoint,0.020833333333333332,0,12.0
1234,Benjajinj,0.06658595641646489,0,9.503511615343056
1235,thelivingmyth,0.17252396166134185,0,8.0
1236,WeAreWonderfulNow,2.6012744651797908,0,9.503511615343056
1237,nfqweoyq378,38979.0,0,14.0
1238,SDV02,0.2777777777777778,0,6.0
1239,z8Qx-z1Xs,0.32100888506735453,0,4.0
1240,Luckeybabe,3.0,0,3.0
1241,HyperWindKun,0.06626506024096386,0,2.0
1242,Don_Pelayo,0.06147540983606557,0,9.503511615343056
1243,Mob_cleaner,0.0795808089078107,0,8.0
1244,kjgkjgjk,0.05263157894736842,0,19.0
1245,Denzel5,0.12,0,6.0
1246,Nokel,0.3013360739979445,0,9.0
1247,Lim92,0.125,0,10.0
1248,pic_,186.125,0,10.0
1249,heyenikin,0.07971745711402624,0,9.503511615343056
1250,deedex,10528.0,0,9.503511615343056
1251,DeanosaurusMetz,9.5,0,3.0
1252,burnt2c,0.10638297872340426,0,11.0
1253,Whitewash808,0.42105263157894735,0,9.503511615343056
1254,NintendoGamer1997,0.16951672862453532,0,9.503511615343056
1255,FrontpageWatch,8.282013657655623,0,9.0
1256,FrontpageWatch,8.282013657655623,0,10.0
1257,Capt_Nettles,0.1657142857142857,0,8.0
1258,the_bridgeburner,0.07079646017699115,0,17.0
1259,krismel03,0.16216216216216217,0,10.0
1260,niconoir,1.0,0,9.503511615343056
1261,Ls777,0.003993610223642172,0,8.0
1262,sora2k,1.6666666666666667,0,11.0
1263,theLAZYmd,0.13176895306859207,0,9.0
1264,idahopotatoes,0.13333333333333333,0,9.503511615343056
1265,dgist,1.5686274509803921,0,9.503511615343056
1266,christballs,0.03125,0,7.0
1267,YedaAnna,5.238244514106583,0,3.0
1268,uTukan,0.05521706016755522,0,10.0
1269,PudMuffin5,0.07020280811232449,0,11.0
1270,mcpagal,0.03456495828367104,0,3.0
1271,shulkario,0.0784313725490196,0,11.0
1272,tonyzagod,1.5,0,2.0
1273,badbiosvictim1,2.9123434704830053,0,4.0
1274,samepictureofluke,241.83333333333334,0,11.0
1275,doyoucope,3.5155195681511473,0,2.0
1276,Sonicdart123,0.2,0,9.0
1277,ThrowAway-NYNY,0.2857142857142857,0,16.0
1278,ColonelDickbuttIV,0.0051813471502590676,0,9.0
1279,PZMQ,10.438775510204081,0,10.0
1280,JohnKimble111,1.2975729862820964,0,12.0
1281,elenof59933,1.0,0,9.503511615343056
1282,Kjostid,0.39631336405529954,0,4.0
1283,PapaSmurf_BITCH,0.9622641509433962,0,8.0
1284,MakePungbaekViable,0.22279792746113988,0,9.0
1285,chirone,4.0,0,2.0
1286,scottierowland,0.21721311475409835,0,5.0
1287,offermansmustache,0.7065868263473054,0,10.0
1288,controlyourhoes,0.16,0,5.0
1289,Chocow8s,0.5040247678018576,0,7.0
1290,dukealadinstardust,2.0,0,9.0
1291,Chuee50,0.208955223880597,0,17.0
1292,ninjaninjav,0.1125,0,17.0
1293,ekoehler,2.0,0,2.0
1294,slowporc,0.11471321695760599,0,8.0
1295,Bazt,2.4,0,3.0
1296,ElvisKnight86,0.2840909090909091,0,2.0
1297,Priyasoma,0.5336538461538461,0,9.0
1298,NewLeadersMusic,1.7592592592592593,0,8.0
1299,NishaParmar267,66.0,0,9.0
1300,Nomad47,1.3783783783783783,0,9.0
1301,ZuperFe,0.2,0,7.0
1302,supasaijan,0.92,0,11.0
1303,thinkvitamin,1.719387755102041,0,3.0
1304,Idiot_Supreme,0.4659090909090909,0,11.0
1305,ay__caramba,5.055273379145503,0,11.0
1306,DankDan,0.01282051282051282,0,10.0
1307,Mulkat,0.2027491408934708,0,10.0
1308,drewman513,1.0,0,9.503511615343056
1309,Satoshi_Soze,0.26742976066597296,0,9.503511615343056
1310,buyingaspaceship,1.2753623188405796,0,9.0
1311,caiiiius,0.02056807051909892,0,11.0
1312,Monkeybarsixx,0.17452830188679244,0,20.0
1313,realmcd,0.14893617021276595,0,3.0
1314,MattMcRedbeard,0.5111111111111111,0,7.0
1315,RealDerpieDoo,1.2083333333333333,0,11.0
1316,USoccerMovesCol,0.6582278481012658,0,15.0
1317,lospaziobianco,8587.0,0,19.0
1318,thunderchunky604,0.26666666666666666,0,5.0
1319,Blackers722,0.5933333333333334,0,20.0
1320,nsfwcross,0.5,0,12.0
1321,shapedlikeatriangle,0.0915032679738562,0,17.0
1322,brandonbthomas99,10.0,0,4.0
1323,Odhrain,0.75,0,8.0
1324,Hubblesphere,0.11728395061728394,0,20.0
1325,thediabetessolutions,16.0,0,8.0
1326,UnknownChaser,0.21348314606741572,0,6.0
1327,dzemikowy,0.5549845837615622,0,20.0
1328,plonk519,0.053545586107091175,0,7.0
1329,YippeeKiYay21,39.333333333333336,0,16.0
1330,Mikeytruant850,0.023172905525846704,0,13.0
1331,letsgojets15,0.16666666666666666,0,12.0
1332,a-kozub,1.0,0,8.0
1333,VSParagon,0.06465155331654072,0,2.0
1334,paxtana,0.12111468381564845,0,10.0
1335,dgehen,0.06318840579710144,0,8.0
1336,Bruhuha,0.19230769230769232,0,10.0
1337,Maxonification,0.09090909090909091,0,8.0
1338,Yvalkonn,0.06476683937823834,0,9.503511615343056
1339,DeekFTW,0.07868681605002606,0,14.0
1340,R13Nielsen,0.051181102362204724,0,13.0
1341,alexromanov1985,435.0,0,2.0
1342,SadKirby,0.056910569105691054,0,7.0
1343,smutty-throwaway,30.0,0,9.503511615343056
1344,sam_ua,1.2266666666666666,0,9.503511615343056
1345,joshuatopolsky,0.5333333333333333,0,10.0
1346,inferno845,0.2857142857142857,0,9.0
1347,nvm8D,0.1717171717171717,0,7.0
1348,SrslySam91,0.3746556473829201,0,7.0
1349,Zombie_Aficionado,0.6673076923076923,0,9.0
1350,Forizen,0.17107692307692307,0,9.0
1351,WendyLaursen,971.0,0,5.0
1352,NewToRedditPosting,0.5333333333333333,0,9.503511615343056
1353,xanax_Question,1.0,0,10.0
1354,Bostlnno,13747.0,0,8.0
1355,QiuYiDio,0.04906666666666667,0,6.0
1356,SamMee514,0.3332762459325227,0,11.0
1357,ethanpinard,0.06108597285067873,0,8.0
1358,ThaQtipWIlson,0.6153846153846154,0,8.0
1359,Dastheman,3.6,0,9.0
1360,eloradanaan,1.0,0,8.0
1361,HeyJude207,0.5,0,10.0
1362,maxima423,0.16551724137931034,0,9.0
1363,CorvoBanttano,0.09351432880844646,0,11.0
1364,Pedro_HeB,0.27450980392156865,0,13.0
1365,ideaphorellc,0.26865671641791045,0,11.0
1366,MLPLite,13420.0,0,14.0
1367,MLPLite,13420.0,0,9.503511615343056
1368,PurpleDerp,0.6478102189781022,0,10.0
1369,Percinho,0.05361790733992712,0,10.0
1370,tewksbg,636.7931034482758,0,4.0
1371,tewksbg,636.7931034482758,0,9.503511615343056
1372,tewksbg,636.7931034482758,0,17.0
1373,wadester007,0.16825470601905648,0,20.0
1374,Nikuw,0.11267605633802817,0,9.0
1375,Spute2000,0.18888888888888888,0,14.0
1376,campcappuccino,0.06666666666666667,0,9.503511615343056
1377,JCC87,1.1570680628272252,0,4.0
1378,trevticks,0.05405405405405406,0,7.0
1379,caferrell,0.39834289356277885,0,9.503511615343056
1380,msgrammarnazi,0.3204633204633205,0,10.0
1381,Richellemandy,129.0,0,10.0
1382,someuniquename,0.09688581314878893,0,8.0
1383,VeggieInspired,1.1565217391304348,0,19.0
1384,twarzowiec,0.22277227722772278,0,17.0
1385,User_Name13,2.1556291390728477,0,9.503511615343056
1386,dingusgringus,0.04371584699453552,0,2.0
1387,ShoppriceAustralia,133.0,0,7.0
1388,Rterry297,0.21160409556313994,0,20.0
1389,mcburnerr,0.7727272727272727,0,10.0
1390,Just_shut_up_bro,0.03877005347593583,0,10.0
1391,Zeltashock,2.026666666666667,0,4.0
1392,OpenSign,0.024013722126929673,0,12.0
1393,henryjeffernan,0.8666666666666667,0,3.0
1394,z1josh,0.5846153846153846,0,7.0
1395,ScienceBrah401,0.056778679026651215,0,9.503511615343056
1396,DrakenII,2.0,0,9.0
1397,cricketanmore,26.0,0,10.0
1398,nekoexmachina,0.06896551724137931,0,8.0
1399,nsfwmetro,6.641025641025641,0,11.0
1400,somefunkyguy,0.09090909090909091,0,6.0
1401,Deadlift420,0.050955414012738856,0,9.0
1402,thegr8rambino13,0.06017786561264822,0,8.0
1403,NUMBERS145,1.3571428571428572,0,5.0
1404,vajav,1.0782312925170068,0,7.0
1405,TheAdvancedApe,0.4444444444444444,0,5.0
1406,ThePopBoys,0.11284046692607004,0,8.0
1407,BassChakra,0.12244897959183673,0,11.0
1408,Blackstrongpine,1.4625407166123778,0,17.0
1409,annectar,2.0,0,4.0
1410,kubanishku,0.06086956521739131,0,6.0
1411,AnCapConverter,0.11428571428571428,0,9.503511615343056
1412,isusukristus,50.0,0,11.0
1413,Castriff,0.19019893255701115,0,8.0
1414,upbstock,24.846153846153847,0,18.0
1415,sm1vvy7,0.7333333333333333,0,8.0
1416,SeeYou484,0.3333333333333333,0,7.0
1417,masterian151,0.23770491803278687,0,9.503511615343056
1418,Albertbutler,3.4545454545454546,0,5.0
1419,scarfor,18.4,0,11.0
1420,davybuts,0.7414854329093147,0,11.0
1421,egemen3555,2.347826086956522,0,5.0
1422,Had214,2.0,0,9.0
1423,Evilpenguin526,0.1394736842105263,0,9.0
1424,Hirakhanpk,3.0,0,11.0
1425,aznpkmn,14.625,0,4.0
1426,MyNameIsDelta,4.666666666666667,0,8.0
1427,seltzr,0.2852664576802508,0,13.0
1428,colinodell,0.1424802110817942,0,4.0
1429,Multivers,0.026595744680851064,0,8.0
1430,ramenmeal,0.06371681415929203,0,10.0
1431,CatarinaElibeth,0.3333333333333333,0,7.0
1432,sciolism90,0.25,0,2.0
1433,AdamNW,0.02578923966207203,0,3.0
1434,SenatorUppercut,0.05,0,7.0
1435,bocehtnonrop,1.4,0,19.0
1436,DeezNeezuts,0.14183915846623685,0,11.0
1437,CrimsonFoxGirl,0.2634730538922156,0,2.0
1438,rickcooper2016,205.0,0,12.0
1439,cntkpmedwn,0.09473684210526316,0,10.0
1440,dumpstermummy,0.3125,0,10.0
1441,dankdoobies,0.8461538461538461,0,8.0
1442,sleepcareindia,12.0,0,5.0
1443,Paxtian,0.01935127165499447,0,13.0
1444,alambok,0.8,0,12.0
1445,Lemondishsoap,0.25,0,9.503511615343056
1446,namelessfeline,0.07673860911270983,0,8.0
1447,knight222,0.5083019703342927,0,18.0
1448,cyclopsgd,0.11128775834658187,0,9.503511615343056
1449,Alibasher,0.54,0,15.0
1450,FriezaFan456,0.2266868840030326,0,14.0
1451,dnasty187,0.2967032967032967,0,20.0
1452,SheerBliss,0.0688976377952756,0,10.0
1453,MexWevC,6.60068493150685,0,12.0
1454,Dude_potato,1.0384615384615385,0,4.0
1455,Killtrend,0.07200720072007201,0,9.0
1456,xfireme2,0.008178975222516238,0,9.0
1457,NatuM,1.0476190476190477,0,8.0
1458,Androidmate007,2.0,0,11.0
1459,Noxm,0.8083333333333333,0,8.0
1460,dyanisabelle,0.02402022756005057,0,10.0
1461,PetevonPete,0.06560212907518297,0,12.0
1462,Massacre_62,0.10616438356164383,0,3.0
1463,pipsqueaker117,0.1141732283464567,0,10.0
1464,ZanderDander,7.545454545454546,0,20.0
1465,Ted9000,0.05660377358490566,0,2.0
1466,ReCryptic,2.064516129032258,0,9.0
1467,BillW77,0.29508196721311475,0,16.0
1468,Batu_khagan,0.4732142857142857,0,9.0
1469,nucensorship,2315.0,0,20.0
1470,Nonresemblance,0.1853211009174312,0,9.0
1471,King_Bacon45,0.10926694329183956,0,20.0
1472,joeyfine,0.2225609756097561,0,13.0
1473,Sn0rlax666,1.0,0,16.0
1474,kraven867,0.05405405405405406,0,9.0
1475,Rileyharnett,2.125,0,15.0
1476,bastecklein,0.7142857142857143,0,2.0
1477,StinkyFeetPatrol,0.06150341685649203,0,8.0
1478,Jerzerak,0.6326530612244898,0,9.503511615343056
1479,WonderfulSilence,5.65819209039548,0,20.0
1480,The0nceAndFutureKing,0.125,0,9.0
1481,Meradon,0.875,0,12.0
1482,alina45687,1.0,0,10.0
1483,crimeanchocolate,4.3707317073170735,0,7.0
1484,Parulize,0.3684210526315789,0,2.0
1485,PavleKreator,0.05698529411764706,0,4.0
1486,CuteLittleRi,0.182648401826484,0,8.0
1487,PistachioPlz,0.10180995475113122,0,7.0
1488,cariann77,1.2,0,11.0
1489,albertsmithaff,17.0,0,13.0
1490,ZackBop,0.13910761154855644,0,7.0
1491,4InchesOfury,0.11553273427471117,0,11.0
1492,glitchisgod,0.2116788321167883,0,2.0
1493,alle15minuten,5324.833333333333,0,10.0
1494,alle15minuten,5324.833333333333,0,4.0
1495,marley0ne,0.34516129032258064,0,4.0
1496,danny88sx,0.09090909090909091,0,9.0
1497,cajunsamurai,0.17346938775510204,0,8.0
1498,leyou,0.024759284731774415,0,10.0
1499,marialarrea80,0.3684210526315789,0,4.0
1500,marialarrea80,0.3684210526315789,0,10.0
1501,Nighfallion,0.17647058823529413,0,9.503511615343056
1502,InfernalFatality,0.19678714859437751,0,10.0
1503,cutty2k,0.03228621291448516,0,3.0
1504,pasodoff,0.41935483870967744,0,12.0
1505,FollowLogos,0.3076923076923077,0,15.0
1506,unit_117,3.875,0,16.0
1507,gottathrowthisawayaw,0.7247706422018348,0,4.0
1508,fungussa,0.17359484777517564,0,2.0
1509,C5tWm77t5hMJC7m78845,0.1165014164305949,0,3.0
1510,DeRockProject,0.028169014084507043,0,9.0
1511,drewiepoodle,3.081199035258987,0,9.503511615343056
1512,Hieillua,0.03464534645346454,0,2.0
1513,maryjane0614,0.5454545454545454,0,9.503511615343056
1514,Starzett,1.4,0,17.0
1515,ARturtle4751,1.0,0,8.0
1516,urbanavenues1,53.0,0,2.0
1517,PortlandPerson94,0.9679054054054054,0,11.0
1518,Torontonian5640,0.3078149920255183,0,12.0
1519,djchazradio,0.012926391382405745,0,14.0
1520,uhhFiive,0.40588235294117647,0,5.0
1521,JakeJW,0.2857142857142857,0,9.503511615343056
1522,turncloakforwhat,0.16391509433962265,0,9.503511615343056
1523,IRgay,6.211111111111111,0,15.0
1524,Gratch792,1.0,0,10.0
1525,RaidedByVikings,0.10067114093959731,0,11.0
1526,Bodymindisoneword,0.03909861325115562,0,9.0
1527,jardeon,0.18327067669172933,0,7.0
1528,VALAR_M0RGHUL1S,0.6946250956388677,0,14.0
1529,OreoDunka,0.17735849056603772,0,6.0
1530,MtDiabloIsClosed,0.19767441860465115,0,17.0
1531,7357153793,2.3333333333333335,0,2.0
1532,LaPLantee,0.559322033898305,0,12.0
1533,theminipea,8.2,0,11.0
1534,CapnKrump_2,0.044642857142857144,0,9.0
1535,Synium,1.0,0,9.0
1536,Still-Dreaming,0.5333333333333333,0,9.503511615343056
1537,ratcw73,0.17162669748627565,0,2.0
1538,iBr0kenB0nes55,0.1443850267379679,0,8.0
1539,jotadeo,0.015176151761517615,0,17.0
1540,BMSCEEDL,1.0,0,14.0
1541,Sledka,0.4411764705882353,0,4.0
1542,P15395,0.36764705882352944,0,9.0
1543,ya3faiwea,1.0,0,10.0
1544,Theonlycujo,0.21428571428571427,0,12.0
1545,benkol,0.5375722543352601,0,9.0
1546,Cults3D,0.9846153846153847,0,7.0
1547,Gruesome_Twosome,1.0,0,7.0
1548,greatestNothing,0.037694013303769404,0,8.0
1549,oopsihitaparkedcar,0.05636070853462158,0,19.0
1550,intrepidthatis,3.0087336244541483,0,17.0
1551,trip6666,8.209621993127147,0,10.0
1552,zangyfish,1.5,0,9.503511615343056
1553,pageantresale,143.0,0,2.0
1554,lfwilson,0.18888888888888888,0,19.0
1555,compsens,31.45,0,9.0
1556,mick_jaggers_penis,0.0056925996204933585,0,10.0
1557,gulfrecruitment,1682.0,0,9.0
1558,smbdyspcl,0.4375,0,15.0
1559,rajinwasian,0.25,0,7.0
1560,PapuRapu,0.10526315789473684,0,12.0
1561,forum8417,0.1362126245847176,0,9.0
1562,nabhell,0.47368421052631576,0,9.0
1563,tblizz3317,0.006944444444444444,0,14.0
1564,resaysay,0.1497504159733777,0,11.0
1565,BestJoeyAfrica,2.0,0,9.503511615343056
1566,frankdilliams,0.11267605633802817,0,4.0
1567,nintendonate64,0.045507584597432905,0,4.0
1568,teneas,0.14285714285714285,0,9.0
1569,arvzg,0.16255144032921812,0,9.0
1570,Callum1370,0.05476673427991886,0,11.0
1571,KingNigg,0.18421052631578946,0,11.0
1572,SJW-in-training,0.05505761843790013,0,5.0
1573,mamborambo,1.3852459016393444,0,9.0
1574,MrHeavySilence,0.21428571428571427,0,9.0
1575,Frangipane1,0.056910569105691054,0,5.0
1576,lathomas64,10.297491039426523,0,8.0
1577,NoFunHere,0.014522537333881353,0,13.0
1578,yeezy2nyc,0.19642857142857142,0,3.0
1579,fangzert,3.697674418604651,0,9.0
1580,Itsoc,0.06313416009019165,0,9.0
1581,Shushruth007,0.04395604395604396,0,18.0
1582,Mar69vin,6.666666666666667,0,11.0
1583,Lagforce,0.11428571428571428,0,9.503511615343056
1584,Tyranith,0.01465457083042568,0,8.0
1585,Seikoholic,0.049937578027465665,0,9.503511615343056
1586,Cerollsnejhd,2.0,0,20.0
1587,Argeus,14.380952380952381,0,9.0
1588,snuger577933,1.0,0,10.0
1589,danj2k,0.8333333333333334,0,19.0
1590,rocirclejerk_ss,0.59144695868798,0,5.0
1591,HandsomeCanadianStud,1.0,0,10.0
1592,Wardixo,0.3013698630136986,0,16.0
1593,toxicgrunt,0.18784972022382093,0,5.0
1594,therealdarkein,0.12,0,8.0
1595,ufouniontv,51.0,0,7.0
1596,t3chr,1.6116504854368932,0,9.503511615343056
1597,jd838,0.15306122448979592,0,4.0
1598,UKrypto,0.1396011396011396,0,7.0
1599,PhiNeurOZOMu68,0.25,0,2.0
1600,not_yet_named,0.05084745762711865,0,18.0
1601,kocafatih,69.5,0,8.0
1602,desertbreezee,0.24731182795698925,0,11.0
1603,Pillywiggins,0.2,0,8.0
1604,jpspring,0.5021367521367521,0,9.503511615343056
1605,CORDELIA_sim,0.07716371220020855,0,4.0
1606,sepdog,0.16878980891719744,0,7.0
1607,ricky2big,79.02702702702703,0,8.0
1608,Skyline_BNR34,0.00299017513882956,0,9.503511615343056
1609,bacon_and_ovaries,0.010752688172043012,0,4.0
1610,cdhanner,5.0,0,9.0
1611,TechRevMarrell,3.0,0,11.0
1612,thearnett,0.2222222222222222,0,9.0
1613,N3234KA,0.20043103448275862,0,9.0
1614,fivefootone16,2.0,0,2.0
1615,R2d2bonds,0.08175559380378658,0,11.0
1616,futurehead22,0.14119749776586238,0,2.0
1617,ubercoo,0.3209076175040519,0,17.0
1618,1TARDIS2RuleThemAll,0.2970873786407767,0,10.0
1619,eddieswiss,0.08073817762399077,0,10.0
1620,Kinda_Crazay,2.9941112660777933,0,4.0
1621,FinishedAtFifty,1088.0,0,9.503511615343056
1622,BADF1SH_IV,0.19855595667870035,0,3.0
1623,stickyrickysanty,0.015081206496519721,0,3.0
1624,Alucitary,0.09975961538461539,0,8.0
1625,Clabosh,1.3333333333333333,0,16.0
1626,clb1016,0.049370764762826716,0,11.0
1627,Mulleary,0.7532467532467533,0,9.0
1628,NashtownLivin,67.0,0,10.0
1629,hamidhes,2.0,0,3.0
1630,Sqeagy,0.24380165289256198,0,9.0
1631,B_A_R_R_Y_B_O_Y_S,0.8521739130434782,0,4.0
1632,OhGirlIAmInTrouble,84810.0,0,19.0
1633,552eden,0.20125786163522014,0,3.0
1634,justarandomshooter,0.026881720430107527,0,8.0
1635,noeatnosleep,0.9610972568578554,0,7.0
1636,kingkaizersauce,0.14749661705006767,0,19.0
1637,Manzama-News,6520.5,0,3.0
1638,Lillani,0.06336088154269973,0,10.0
1639,rapbattlemod,16.88888888888889,0,9.0
1640,keenly_disinterested,0.08440999138673558,0,15.0
1641,Suji_Rodah,0.0998439937597504,0,8.0
1642,hayburg,0.22105263157894736,0,10.0
1643,yusefvideo,92.0,0,4.0
1644,Beatorycze,0.1951219512195122,0,11.0
1645,Hunter0josh,0.6470588235294118,0,12.0
1646,Mojopoop,0.1853997682502897,0,2.0
1647,smarrito,0.15761285386381024,0,4.0
1648,disconaldo,0.3409090909090909,0,16.0
1649,RIPmod,1.0262626262626262,0,8.0
1650,GreenArrow420,0.07142857142857142,0,9.503511615343056
1651,mariopro766,0.7073170731707317,0,19.0
1652,Sampo,0.1701259535213766,0,4.0
1653,chabanais,0.37737079184447603,0,7.0
1654,Trandoshan,0.08029197080291971,0,7.0
1655,fattyfattyta,1.0,0,10.0
1656,smellmusic,1.5,0,3.0
1657,imgurlovers,1.6666666666666667,0,10.0
1658,ramith1,0.3958333333333333,0,3.0
1659,rctracer,0.25,0,4.0
1660,Macnets,0.07383966244725738,0,9.0
1661,RelatablyIndecent,3.0,0,8.0
1662,edburgsteffan,1.0,0,3.0
1663,Brahir,1.5454545454545454,0,8.0
1664,SuperGamingBros,1.6666666666666667,0,7.0
1665,hornythrowawayacct,0.625,0,13.0
1666,rob_the_tea_guy,0.08181818181818182,0,2.0
1667,dustyuncle,0.043781480046493605,0,3.0
1668,glynnardskynyrd5469,1.0,0,15.0
1669,Deltamon,0.0774818401937046,0,8.0
1670,Momo254,0.18050541516245489,0,10.0
1671,Hahahamade,0.625,0,14.0
1672,Meremadesings,1.1278026905829597,0,6.0
1673,636rigger,0.6625386996904025,0,9.503511615343056
1674,wuttsreddit,0.17852161785216178,0,9.503511615343056
1675,stratplayer1988,7.0,0,7.0
1676,kYANTNRYASI,0.12195121951219512,0,19.0
1677,Hipsternarwhal74,1.1666666666666667,0,10.0
1678,FurryButt,0.4166666666666667,0,7.0
1679,Pianohombre,0.1186359269932757,0,14.0
1680,wncguy,0.05217391304347826,0,9.0
1681,Scouter953,0.31221719457013575,0,19.0
1682,clementnkw,1.2110091743119267,0,10.0
1683,summit-co,3.0,0,9.503511615343056
1684,Gopiji,0.6964285714285714,0,3.0
1685,bigfartsoo,0.12337662337662338,0,2.0
1686,2airtoon21,0.13597074468085107,0,20.0
1687,masterarby12,1.5769230769230769,0,17.0
1688,PuppyLover77,58.958333333333336,0,9.0
1689,oasick,0.07142857142857142,0,8.0
1690,cdnutter,0.09876543209876543,0,10.0
1691,Keepmemag,751.6666666666666,0,9.0
1692,Keepmemag,751.6666666666666,0,9.503511615343056
1693,kaboul2,2294.0,0,8.0
1694,DeadlineHD,3.0,0,9.0
1695,Boltz999,0.05063291139240506,0,9.503511615343056
1696,softwaretestingsol,41.0,0,9.0
1697,PokemonTrainerYellow,10.72768532526475,0,10.0
1698,danieltravolto,1.9490445859872612,0,9.0
1699,Jeromekolta,0.15789473684210525,0,5.0
1700,Tonny_Freeman,1.0,0,8.0
1701,lucifer8246,3.0,0,7.0
1702,AuntAlien,2.0714285714285716,0,6.0
1703,SemiReliable,0.13636363636363635,0,13.0
1704,shylocxs,0.05172413793103448,0,8.0
1705,halodarkangel,1.75,0,7.0
1706,aeiou11235,1.0,0,9.503511615343056
1707,madgrafx,0.5679012345679012,0,12.0
1708,sac_boy,0.022975077881619937,0,10.0
1709,EntJunkie,6.0,0,8.0
1710,lukeatlook,0.02180232558139535,0,9.0
1711,LongDonkeyHonkey,0.347568988173456,0,9.0
1712,GallegosProduction,72.0,0,9.503511615343056
1713,crazyskin123,1.0,0,9.0
1714,RiggRigg,311.253164556962,0,10.0
1715,Fr0D0ge,0.13017565872020076,0,4.0
1716,juanmisionero,0.44077134986225897,0,8.0
1717,jaewalked,0.3076923076923077,0,17.0
1718,ItalianJedi,1.0,0,9.503511615343056
1719,throwthrow12231,1.0,0,7.0
1720,lob_city_clips,1.0,0,10.0
1721,White_Lupin,0.07084188911704312,0,10.0
1722,vlarocca,2.4436860068259385,0,14.0
1723,ThatguySteele,0.18181818181818182,0,13.0
1724,TheInfectedHunter,0.15527950310559005,0,12.0
1725,StunPumpkin,0.3185840707964602,0,13.0
1726,YoutubePosts,2.5,0,11.0
1727,CrunchyHD,0.7608695652173914,0,17.0
1728,Jackie_McMackie,0.08428093645484949,0,3.0
1729,Avien,0.017699115044247787,0,9.0
1730,DaSMegaNoob,0.2,0,4.0
1731,pittfan46,0.09351103342800961,0,8.0
1732,faintedsquirtle,0.12061538461538461,0,3.0
1733,zsheram,3.3333333333333335,0,9.0
1734,imuthes-g,0.25,0,8.0
1735,TheWarLord69,0.5,0,8.0
1736,V7TV,7.0,0,8.0
1737,easy_mak,0.06512141280353201,0,9.503511615343056
1738,ihate_reddit,0.04195804195804196,0,12.0
1739,erersf,0.4375,0,12.0
1740,Equlas,0.1310344827586207,0,6.0
1741,jones84,2.0,0,13.0
1742,bluhend,0.31475811390079605,0,9.503511615343056
1743,culraid,0.14511041009463724,0,9.0
1744,Kalidan_,0.7368421052631579,0,10.0
1745,toomanyairmiles,0.7991513437057991,0,9.0
1746,Leo_29,1.0,0,3.0
1747,CSGODeimos,0.17378497790868924,0,11.0
1748,Jummychu,0.6666666666666666,0,5.0
1749,puncabi,7.0,0,2.0
1750,12552884,2.5,0,2.0
1751,ZadocPaet,0.47695625673965025,0,12.0
1752,imdahman,0.06545064377682404,0,12.0
1753,iaceyi,0.03184713375796178,0,9.0
1754,cj1991,0.05309734513274336,0,4.0
1755,lowellb,0.625,0,6.0
1756,Pwnaholic,0.016793893129770993,0,3.0
1757,kanagile,0.03291139240506329,0,10.0
1758,theregularbloke,0.11363636363636363,0,17.0
1759,asknow76,1.0,0,8.0
1760,tongzzzz,1.3333333333333333,0,9.0
1761,Nermish_121,0.06553398058252427,0,9.0
1762,stoneraven2001,0.25,0,11.0
1763,HenryCorp,4.390243902439025,0,16.0
1764,dark_knight_007,0.32158590308370044,0,20.0
1765,tantalicatom689,0.1518987341772152,0,19.0
1766,Brackmantis,0.5113636363636364,0,5.0
1767,fu11m3ta1,0.023291925465838508,0,17.0
1768,nahbruh27,0.31958762886597936,0,9.503511615343056
1769,kanateko,0.29781659388646287,0,8.0
1770,greenedge,0.2653061224489796,0,9.0
1771,MIBPJ,0.025100712736287573,0,9.0
1772,thatshowwegotants,0.09523809523809523,0,2.0
1773,Xevilmf,0.41333333333333333,0,9.503511615343056
1774,CSGO76,0.15542521994134897,0,7.0
1775,VENOM_AWAKENS_GR,0.22885572139303484,0,2.0
1776,g-spot_adept,0.040735873850197106,0,12.0
1777,Sozerac,5.0,0,15.0
1778,bloodyblack,0.17777777777777778,0,12.0
1779,rograinbowdash,1.08,0,8.0
1780,motoway,1.0,0,11.0
1781,jarakacha,94.93333333333334,0,9.0
1782,Mesuzuko,1.1666666666666667,0,5.0
1783,bobbylough,1.9375,0,9.0
1784,Neighsus,0.09766454352441614,0,2.0
1785,karruu,0.44680851063829785,0,18.0
1786,WynterKnight,0.12757201646090535,0,9.0
1787,silverbullet80,0.1598639455782313,0,4.0
1788,Dank_wank_bank_stank,0.59375,0,9.503511615343056
1789,StuartGT,0.06870036556157821,0,9.0
1790,Dumpsterman74755,1.0,0,8.0
1791,hyperkulturemia,0.12432432432432433,0,5.0
1792,EthicalReasoning,0.18197424892703862,0,10.0
1793,smakweasle,0.06683291770573566,0,5.0
1794,blueskyvik,0.6904761904761905,0,8.0
1795,I-Am-Fodi,0.32857142857142857,0,7.0
1796,wildism,0.9289340101522843,0,9.0
1797,DAVIDSPZGZ,32.87719298245614,0,17.0
1798,crazyfundamental,0.5,0,7.0
1799,otatoptroy,0.024026210411357846,0,9.0
1800,fabiobrocco18,0.21324717285945072,0,3.0
1801,im_fine_,1.9,0,8.0
1802,seant9999,0.36363636363636365,0,7.0
1803,davidrpf,0.5161290322580645,0,10.0
1804,wooflastein,0.029411764705882353,0,9.0
1805,fullrestore,0.0472972972972973,0,8.0
1806,Coronos90,0.2857142857142857,0,6.0
1807,Mr_John_Shepard,1.0769230769230769,0,9.0
1808,dishdog007,0.1875,0,20.0
1809,Pugman97,0.75,0,12.0
1810,Communist_Jesus,0.04072398190045249,0,8.0
1811,DinosaurTsunami,2.9047619047619047,0,9.0
1812,Atte18,6.0,0,11.0
1813,gaurflats1,5.0,0,19.0
1814,rawkout1337,0.2444794952681388,0,9.0
1815,dentecanino,0.10869565217391304,0,9.0
1816,Ezgru,0.15527950310559005,0,2.0
1817,sc2_Nightmare,0.025543392035538633,0,8.0
1818,NSRshien,9.701492537313433,0,6.0
1819,assmuffin156,0.14424514200298955,0,13.0
1820,GMachina,1.118421052631579,0,5.0
1821,cricketmaniamahi,3.0,0,9.503511615343056
1822,dragonforsnoob,0.7368421052631579,0,8.0
1823,Sean3ezy,0.19768664563617244,0,3.0
1824,Sedode,0.04223832279944505,0,8.0
1825,bachmeier,0.59375,0,9.0
1826,MMD3_,0.20930232558139536,0,15.0
1827,AllDayFadeAway,0.43478260869565216,0,7.0
1828,Milkjudge,1.4473684210526316,0,9.0
1829,RaysAndLazors,0.2916666666666667,0,8.0
1830,Nickamin,0.15508021390374332,0,2.0
1831,ReverendPyewipe,0.2318840579710145,0,12.0
1832,Rekt-exe,0.4444444444444444,0,9.503511615343056
1833,wyldcat,0.09030870833973276,0,5.0
1834,Frogow,0.625,0,9.0
1835,lazybastard1988,0.125,0,11.0
1836,SergayBoobtitsky,0.2,0,8.0
1837,MarshallMx,2.176470588235294,0,3.0
1838,dennison,0.11837237977805179,0,5.0
1839,robodude2829,0.10126582278481013,0,20.0
1840,UncoChen,0.9073756432246999,0,6.0
1841,jkb-,0.009181331293037491,0,9.0
1842,deecharro,9964.0,0,9.0
1843,WolfgangAmadeusBen,2.0,0,10.0
1844,ceesaart,12.657414448669202,0,11.0
1845,sundaysecret,0.8947368421052632,0,14.0
1846,wesw02,0.07407407407407407,0,15.0
1847,kraftvgs,0.06172839506172839,0,16.0
1848,trasuppca14779,1.0,0,10.0
1849,Vash1990,0.1625,0,19.0
1850,Cassie_1991,0.35714285714285715,0,9.0
1851,williamspreston44,2.0,0,19.0
1852,seeanotherlight,0.2676056338028169,0,15.0
1853,DrFarnsworthh,54.0,0,11.0
1854,rscan,0.27596439169139464,0,3.0
1855,dunkitin,4.43921568627451,0,9.0
1856,Vivalafire,0.7738095238095238,0,11.0
1857,D2Lynx,0.3865546218487395,0,6.0
1858,kilikina215,0.18867924528301888,0,11.0
1859,broam,0.12690355329949238,0,20.0
1860,mmonstern7,2.0,0,9.503511615343056
1861,savagelaw,0.002185792349726776,0,9.503511615343056
1862,veni_vidi_vale,0.3392049127343245,0,11.0
1863,blackangel87,0.3522727272727273,0,9.503511615343056
1864,saka111,0.2265193370165746,0,16.0
1865,Aspiring-Sissy,0.07894736842105263,0,17.0
1866,kadevalentine,0.18701298701298702,0,11.0
1867,PaceyRJ,1.5,0,9.0
1868,fsibpsecond,1.1176470588235294,0,10.0
1869,repoman,0.07074973600844774,0,2.0
1870,ckhawks,0.07777777777777778,0,13.0
1871,c0nman9,0.10426540284360189,0,20.0
1872,dethb0y,0.15857848400257676,0,3.0
1873,muffinbasket16,0.1641025641025641,0,12.0
1874,TheLipster,0.09090909090909091,0,12.0
1875,High_Sheep42,0.09090909090909091,0,8.0
1876,CLGbubblelift,0.08353221957040573,0,9.0
1877,dragonpower2000,0.07878202029966168,0,12.0
1878,lonethesmurf,0.05263157894736842,0,2.0
1879,SpadedLuckster,1.0,0,8.0
1880,statisticshelpdesk1,385.0,0,5.0
1881,Screamingmoon,0.208,0,11.0
1882,SarcasticGamer,0.07586206896551724,0,14.0
1883,cccbigc,2.0,0,13.0
1884,MTDomination,0.40652173913043477,0,8.0
1885,Armament1985,0.38461538461538464,0,9.0
1886,Perriwen,0.2159090909090909,0,10.0
1887,bwuki,0.3565217391304348,0,11.0
1888,HelloImPheynes,17.998148148148147,0,5.0
1889,PeppyMocha3,0.21951219512195122,0,14.0
1890,ivegotabrain,0.208955223880597,0,14.0
1891,MyPhallicObject,0.7009803921568627,0,10.0
1892,cphcider,0.058394160583941604,0,18.0
1893,innovert,0.41,0,2.0
1894,Kabutus_Crepitus,0.10660980810234541,0,9.0
1895,themiths35,0.304635761589404,0,9.0
1896,_H2Omelon_,0.2413793103448276,0,17.0
1897,MBS_theBau5,1.368421052631579,0,16.0
1898,AbutreSensual,1.103448275862069,0,8.0
1899,dannybess,0.22916666666666666,0,11.0
1900,The_Evader,0.028,0,6.0
1901,hinyang7,0.6923076923076923,0,9.0
1902,smbtuckma,0.0344311377245509,0,9.0
1903,RutD0g,0.09416725228390724,0,11.0
1904,kg68,0.24175824175824176,0,11.0
1905,twelvedayslate,0.047910662824207494,0,3.0
1906,urika,0.3684210526315789,0,7.0
1907,ibeathrowawaymate,0.3333333333333333,0,8.0
1908,PM_ME_UR_KOALAS,0.07446808510638298,0,2.0
1909,TroubledTossaway,0.02564102564102564,0,10.0
1910,ANAL_CAVITIES,0.1993517017828201,0,20.0
1911,ghoststory,0.01279317697228145,0,11.0
1912,spaceman757,0.3814541622760801,0,11.0
1913,i_play_some_smite,0.273972602739726,0,10.0
1914,Evan503monk,0.13523131672597866,0,18.0
1915,LazyPalpatine,0.05658573886446186,0,8.0
1916,amb3rly11,0.1022964509394572,0,3.0
1917,MrG,0.0979381443298969,0,17.0
1918,Wishuponareddit,0.5316455696202531,0,10.0
1919,Mojod487,0.6739130434782609,0,11.0
1920,tomerc10,0.24401913875598086,0,7.0
1921,prettyr4ndomusernam3,0.10426540284360189,0,6.0
1922,PMurSSN,0.1864406779661017,0,7.0
1923,xearslll,0.09375,0,9.0
1924,Andre-Roussimoff,0.21631878557874762,0,8.0
1925,Jigawattts,0.26143790849673204,0,14.0
1926,classmateprob24,2.0,0,7.0
1927,fernguts,0.09539575788929126,0,11.0
1928,Highelf04,0.09749303621169916,0,3.0
1929,FoolOnThePlanet91,0.11178247734138973,0,8.0
1930,Moveinslience,0.2636103151862464,0,9.503511615343056
1931,rabonj2073,0.35294117647058826,0,11.0
1932,LordSlickRick,0.13805004314063848,0,8.0
1933,BloonWars,0.09070034443168772,0,11.0
1934,Appletank,0.05442176870748299,0,15.0
1935,phunniemee,0.2,0,11.0
1936,yepjeeway,2.4781456953642382,0,9.0
1937,ZyggiLP,0.15789473684210525,0,2.0
1938,Youdontgnomee,0.03723404255319149,0,2.0
1939,raresaturn,0.061075660893345485,0,4.0
1940,counttess,0.34558823529411764,0,8.0
1941,Reff42,0.039634146341463415,0,9.0
1942,kushari,0.03810438680755684,0,4.0
1943,They0001,0.07326544701415257,0,4.0
1944,waimser,0.046132008516678494,0,11.0
1945,Itsbrown4606,0.864516129032258,0,17.0
1946,summer_199737,1.588235294117647,0,5.0
1947,darth_sausage,0.21739130434782608,0,18.0
1948,MattNeely50,0.07779121322047561,0,10.0
1949,TechnicolorGamers,5.105882352941176,0,10.0
1950,LuciaRoldan,1.0,0,6.0
1951,zoetry,50.57377049180328,0,2.0
1952,frostfall010,0.07432432432432433,0,7.0
1953,PrisonMik3,0.16233766233766234,0,9.0
1954,randomdude3100,1.0,0,4.0
1955,frivgazo,295.0,0,8.0
1956,ErikaSerrano,1.1176470588235294,0,9.0
1957,TheMizJizz,0.23529411764705882,0,8.0
1958,oldbaldfool,0.01843817787418655,0,7.0
1959,onlinemystore,146.0,0,19.0
1960,BankingCarolus,0.030303030303030304,0,7.0
1961,translunar_injection,0.052077062010836846,0,9.503511615343056
1962,Africascape,3.635327635327635,0,5.0
1963,icysuspect,0.21441441441441442,0,11.0
1964,julianlev,0.5602836879432624,0,2.0
1965,pnewell,2.6364719904648393,0,12.0
1966,Aakashastyle,28.0,0,3.0
1967,Gokuto,0.32661290322580644,0,10.0
1968,idanie,0.6063569682151589,0,12.0
1969,Nerdindisguise21,0.09333333333333334,0,9.0
1970,ItsRyaN27,0.06153846153846154,0,5.0
1971,Penjat,0.1317365269461078,0,11.0
1972,ilikecarthings,0.19572953736654805,0,9.503511615343056
1973,daverinderknecht,0.06451612903225806,0,9.0
1974,GetFiredup,0.2638888888888889,0,5.0
1975,bloodscourge,0.17055655296229802,0,8.0
1976,Sanira_Greystark,0.030303030303030304,0,6.0
1977,Ryoutarou97,0.017023959646910468,0,17.0
1978,ihatemy17yearoldself,1.0,0,10.0
1979,Cruzin-4loco,0.18421052631578946,0,9.503511615343056
1980,whirl_bill,0.14285714285714285,0,16.0
1981,Exist25mgs,0.028037383177570093,0,9.0
1982,ringo2231,3.598173515981735,0,2.0
1983,Rhody1337,1.0,0,8.0
1984,kazlliux,1.075268817204301,0,10.0
1985,iSnowManK,0.6,0,4.0
1986,mugensiz,58.0,0,8.0
1987,Brentg7,0.011796733212341199,0,9.0
1988,MattyMouseeee,9.36,0,16.0
1989,queiroga,0.09049773755656108,0,16.0
1990,pyro_sporks,0.04149026248941575,0,10.0
1991,Dagtar,6232.777777777777,0,12.0
1992,DisFlavored,0.12,0,14.0
1993,BillShakesrear,0.27906976744186046,0,10.0
1994,habichuelacondulce,13.455813953488372,0,8.0
1995,Feschberswilli,1.0,0,9.0
1996,servewithmintsauce,0.06470588235294118,0,9.503511615343056
1997,KrispyKareemAbduljbr,2.5,0,11.0
1998,Resident_Wizard,0.030529172320217096,0,9.503511615343056
1999,pedrinholuizf,0.2572463768115942,0,17.0
2000,SEO_Nuke,562.6,0,9.0
2001,AleanderGG,0.07722513089005235,0,7.0
2002,Shiny_Breederr,0.1337386018237082,0,9.503511615343056
2003,HippopotamicLandMass,0.03430531732418525,0,9.503511615343056
2004,ambiguousallegiance,0.02564102564102564,0,11.0
2005,critikalhd,0.08934707903780069,0,11.0
2006,Russianvodka,0.1956521739130435,0,11.0
2007,Fiddledfingers,0.18834080717488788,0,8.0
2008,Monophobian,0.06,0,4.0
2009,tamzi9933,1.0,0,9.0
2010,puttheremoteinherbut,0.12260536398467432,0,3.0
2011,lilpotatowoo,0.5231788079470199,0,10.0
2012,4tche2a,0.5,0,9.503511615343056
2013,tima_2307,0.4965986394557823,0,9.0
2014,solo2bsoon,0.15,0,14.0
2015,Csusmatt,0.08598130841121496,0,9.0
2016,ayybasketballs,0.04570184983677911,0,9.503511615343056
2017,Millionaire_,0.17435549525101765,0,11.0
2018,ConvenienceStoreDiet,0.6190476190476191,0,9.0
2019,hotaru9909,0.21782178217821782,0,2.0
2020,OGMoose,0.04262807978099335,0,3.0
2021,mrsanonymousidiot397,0.25274725274725274,0,12.0
2022,Shangtia,1.2916666666666667,0,18.0
2023,SteakTramp,0.2236842105263158,0,4.0
2024,UntouchablePDon,0.68,0,9.0
2025,gcs8,0.3693497440365973,0,15.0
2026,retrofl0w,0.19901719901719903,0,4.0
2027,ridediesmile,0.01,0,9.0
2028,dpenitrizzle,0.2708638360175695,0,13.0
2029,johntron3000,0.028985507246376812,0,14.0
2030,potterhead42,0.08059943296881328,0,8.0
2031,SpamTake2,1.0,0,9.0
2032,ZazzRazzamatazz,0.015,0,18.0
2033,amProbablyPooping,1912.6666666666667,0,20.0
2034,frazz123,0.6993464052287581,0,9.0
2035,ravynsaidso,0.07547169811320754,0,10.0
2036,seva98,0.12560386473429952,0,10.0
2037,2electric4life,0.3553299492385787,0,8.0
2038,rgsteele,0.02112676056338028,0,13.0
2039,Cryingintheshower,0.20454545454545456,0,9.503511615343056
2040,FaZen420,0.12786885245901639,0,12.0
2041,closestbbq,0.1,0,18.0
2042,InSOmnlaC,0.005139110402268297,0,16.0
2043,peppermint1201,0.25533596837944667,0,8.0
2044,hoos_pmac,0.39215686274509803,0,10.0
2045,Derplordsnuffy,0.12831858407079647,0,12.0
2046,h4kcs,0.09550561797752809,0,3.0
2047,emd2013,0.039746300211416494,0,7.0
2048,nicoekies,0.3838383838383838,0,6.0
2049,rhuguenel,0.10313390313390314,0,20.0
2050,kelminak,0.049576783555018135,0,9.503511615343056
2051,fzhyuen,0.22115384615384615,0,5.0
2052,elminsterrr_,0.9230769230769231,0,10.0
2053,tpk-aok,0.08282828282828283,0,12.0
2054,sagitec,12.0,0,9.503511615343056
2055,Lmen1990,0.024444444444444446,0,8.0
2056,notwhoiamanymore,0.203125,0,8.0
2057,peter12a,2.0,0,3.0
2058,jedispyder,0.011860940695296524,0,9.503511615343056
2059,WinsomeJesse,0.6054054054054054,0,7.0
2060,PIMOPIMO,0.2857142857142857,0,13.0
2061,BosleyTree,0.1999479979199168,0,9.503511615343056
2062,kimcil128,10.0,0,6.0
2063,chccharlotte,17.0,0,10.0
2064,Thibaud213,0.18518518518518517,0,7.0
2065,Bluebear1000,55.5,0,12.0
2066,TL_Gamer,0.3076923076923077,0,5.0
2067,Jlvdaum,63.38805970149254,0,10.0
2068,otiyime,1.0,0,10.0
2069,honeyheart16,0.2153846153846154,0,9.503511615343056
2070,Shot_Dunyun,0.14302812687013763,0,12.0
2071,dwells7583,1.4125874125874125,0,9.503511615343056
2072,asciimov,0.4087912087912088,0,12.0
2073,Linkin0330,0.14285714285714285,0,6.0
2074,Weeklyn00b,0.030084902177925435,0,16.0
2075,vannucker,0.01421068890948409,0,10.0
2076,blakbord,2953.0,0,5.0
2077,resistanceisfragile,0.06289308176100629,0,8.0
2078,mickytheboy,1.0,0,5.0
2079,13striden,0.25274725274725274,0,11.0
2080,Wolfgangallee,5.25,0,9.503511615343056
2081,Auerc0re,0.3348623853211009,0,9.0
2082,minnabruna,0.016666666666666666,0,9.0
2083,yamaja124,1.0,0,9.0
2084,ChosenCharacter,0.0525,0,5.0
2085,Dabamajo,0.058823529411764705,0,3.0
2086,mouislam905,1.0,0,5.0
2087,neckbeards4bernie,1.153751537515375,0,6.0
2088,ShitSeattleSays,1.0277497085114653,0,19.0
2089,AdamF1337,0.2,0,13.0
2090,stonerfish,2.0,0,17.0
2091,austai,0.0942622950819672,0,17.0
2092,waste2muchtime,0.11759082217973231,0,9.0
2093,JoshWilsonnn,0.21428571428571427,0,10.0
2094,Mikaze,0.16683119447186576,0,16.0
2095,AquaAcuar,0.02327718223583461,0,8.0
2096,LetTheDreamStart,0.5,0,4.0
2097,seriousmoonlighter,0.10967741935483871,0,3.0
2098,Mr_Halloween,0.14937759336099585,0,5.0
2099,FerumbrasHat,0.3333333333333333,0,11.0
2100,fiplefip,286.25738396624473,0,10.0
2101,fiplefip,286.25738396624473,0,8.0
2102,fiplefip,286.25738396624473,0,19.0
2103,fiplefip,286.25738396624473,0,16.0
2104,Say_Me_Your_dady,1050.4324324324325,0,12.0
2105,Evomon,0.0958904109589041,0,9.0
2106,ChrisJHallSC,3.3333333333333335,0,6.0
2107,tenderballz,0.08661417322834646,0,13.0
2108,VintageRuins,0.19873817034700317,0,17.0
2109,MelissaTaThomas,7.5,0,9.503511615343056
2110,ChrisMorrison93,0.050088652482269506,0,20.0
2111,Scorch8482,0.13164556962025317,0,3.0
2112,daovud,0.08641975308641975,0,3.0
2113,fatshakes,0.11486486486486487,0,7.0
2114,ninwinz,0.05825242718446602,0,10.0
2115,deerdido,2.1538461538461537,0,7.0
2116,murphcat101,1.6666666666666667,0,3.0
2117,starfishbfg,0.03838383838383838,0,18.0
2118,AlexandNord,0.5481220657276995,0,8.0
2119,Lobo2ffs,2.0235392067817135,0,20.0
2120,jedgurr,0.09333333333333334,0,20.0
2121,aman-singh9801,0.1866913123844732,0,7.0
2122,MannoSlimmins,0.23177966101694916,0,20.0
2123,fuffy_frog,1.0952380952380953,0,20.0
2124,nascuiqwe92,44033.0,0,11.0
2125,Atticus118,4.0,0,9.503511615343056
2126,Hey-Crabman,0.034482758620689655,0,9.503511615343056
2127,KayJayA7X,0.017504376094023506,0,11.0
2128,Songforclay,0.304635761589404,0,5.0
2129,1NSTRUM3NT,29.8,0,9.503511615343056
2130,19chevycowboy74,0.013885107541519195,0,14.0
2131,homeinspection3,10.0,0,15.0
2132,reversemicrowave,0.31007751937984496,0,9.503511615343056
2133,nt337,0.4845188284518828,0,9.0
2134,madethisforposts,0.10732984293193717,0,7.0
2135,ImNotAWhaleBiologist,0.16381850324101355,0,2.0
2136,tripostrophe,1.4085365853658536,0,9.503511615343056
2137,Starterfor10,0.8,0,12.0
2138,buyfreehold,5.0,0,15.0
2139,stevexc,0.06994328922495274,0,12.0
2140,josephb987,22.0,0,11.0
2141,erpreen99342,1.0,0,7.0
2142,Drimphed,24.155172413793103,0,9.0
2143,iWannyBoy,0.2153846153846154,0,9.503511615343056
2144,bluelvo,0.2222222222222222,0,8.0
2145,texas_nature,11.927966101694915,0,8.0
2146,Teka49,0.3088235294117647,0,8.0
2147,SpecNazz,0.8,0,7.0
2148,dark_wookiee,0.8,0,6.0
2149,Guildcrafter,0.5454545454545454,0,13.0
2150,negroid9000,6.0,0,9.0
2151,The_Big_Broadcast,0.2777777777777778,0,10.0
2152,polarbear625,1.0,0,9.503511615343056
2153,Lars_Hendrick,0.5234042553191489,0,9.0
2154,ateee3e,4.0,0,9.0
2155,Legendofkevin,0.04819277108433735,0,9.0
2156,jossome2,1.3793103448275863,0,9.0
2157,thearmlessoctopus,0.24,0,6.0
2158,EmynArnen,0.1661631419939577,0,5.0
2159,Sedawa,0.1018867924528302,0,10.0
2160,WhoopKid,0.6666666666666666,0,8.0
2161,pongpagong,0.010638297872340425,0,9.0
2162,andsoanyway,0.02790571660796532,0,10.0
2163,short-n-stacked,0.2,0,9.0
2164,__notmyrealname__,0.038135593220338986,0,2.0
2165,IDontReadTheTitle,0.07568807339449542,0,10.0
2166,aknalid,0.1746987951807229,0,3.0
2167,gummywormsyum,157.77459016393442,0,3.0
2168,_wildstrawberries,1.7439252336448599,0,13.0
2169,red_shroom,0.2867647058823529,0,10.0
2170,n-h-n,1.0,0,11.0
2171,lsiadhfasd8ahls8dfsd,2.0,0,5.0
2172,xneilbx,0.06535947712418301,0,9.0
2173,Asifthatwastrue,0.12731229597388466,0,9.0
2174,dropbearcub,4.0476190476190474,0,5.0
2175,taranasus,0.07783288821060663,0,9.503511615343056
2176,jbobsmith,0.17699115044247787,0,10.0
2177,darkbladetrey,0.2803738317757009,0,11.0
2178,toyhousehd,52.0,0,2.0
2179,ReaxxaeR,7.0,0,9.503511615343056
2180,pinotdazed,0.2716049382716049,0,8.0
2181,badboy2303,102.0,0,9.503511615343056
2182,cocksucker465,1.3866666666666667,0,8.0
2183,foobgoof,0.24338624338624337,0,7.0
2184,madazzahatter,2.155150554675119,0,10.0
2185,ohhepicfail,0.3287671232876712,0,9.0
2186,outsideupside,0.03341288782816229,0,10.0
2187,latovelich,2.0,0,12.0
2188,rabidehm,0.2857142857142857,0,18.0
2189,DRD1176,4.0,0,9.503511615343056
2190,georgettac15,206.0,0,13.0
2191,taco_insalata,0.5,0,17.0
2192,majan_pl,0.25471698113207547,0,8.0
2193,Blastr0,0.5590551181102362,0,18.0
2194,arisufox,0.8753117206982544,0,9.503511615343056
2195,M__M,0.07317073170731707,0,16.0
2196,Salami98,0.10655737704918032,0,6.0
2197,ppapppap,0.04269662921348315,0,12.0
2198,quantumgorillaboss,0.19767441860465115,0,5.0
2199,VViza,1.0666666666666667,0,10.0
2200,Ace_RS,18.134751773049647,0,13.0
2201,ajwells007,0.4550898203592814,0,5.0
2202,LiveInVR,0.27586206896551724,0,9.0
2203,m_i_t_t,4.93475935828877,0,12.0
2204,InteJer,1.55,0,2.0
2205,sharedYTmedia,4.590909090909091,0,4.0
2206,a_bit_befuddled,0.6029411764705882,0,13.0
2207,dienhoathanglong,10.0,0,10.0
2208,jerry_ishere,0.08178438661710037,0,20.0
2209,OfficialFatmetal,0.5386206896551724,0,14.0
2210,Goosedeuce,0.10526315789473684,0,3.0
2211,WineTaxi,3.5,0,9.503511615343056
2212,janeciabattari,4.0,0,3.0
2213,Eddie0309,0.1650485436893204,0,9.503511615343056
2214,NIEJETOTAK,52.5,0,8.0
2215,fhsjxdgfg,12.0,0,8.0
2216,erer1243,42.43248014121801,0,2.0
2217,allthefoxes,0.11453290761149448,0,6.0
2218,hotformydaddy,1.0902686041391458,0,2.0
2219,Cube_luke,88.5,0,8.0
2220,dencobster,0.24050632911392406,0,5.0
2221,happyendingssuck,0.25757575757575757,0,9.503511615343056
2222,patronoftheinhuman,0.17870905587668592,0,11.0
2223,TACONlNJA,0.023450586264656615,0,4.0
2224,zorgsthrowaway,0.3333333333333333,0,9.0
2225,Enzile_,2.0,0,9.0
2226,SkoivanSchiem,0.29260935143288086,0,15.0
2227,Animelovinggentleman,0.3333333333333333,0,10.0
2228,Peter96,0.05129716981132076,0,13.0
2229,Contrathesmuggler,0.18844022169437846,0,12.0
2230,papi83dm,0.3155818540433925,0,9.0
2231,LavaMeteor,0.38257575757575757,0,9.503511615343056
2232,FreshFlipp,3.0,0,12.0
2233,Kaszana999,0.04847645429362881,0,11.0
2234,tweeksx,0.2138395002402691,0,10.0
2235,hborrgg,0.10435571687840291,0,9.503511615343056
2236,PlantyHamchuk,0.3990707279297883,0,8.0
2237,sematrix,0.746095048188767,0,16.0
2238,freezeflare,0.034019319613607726,0,10.0
2239,comicsansibar,0.07142857142857142,0,8.0
2240,Pixalart,0.21311475409836064,0,14.0
2241,quackster,0.07894736842105263,0,4.0
2242,hockeymisfit,0.12556053811659193,0,10.0
2243,swachhbharat,633.0,0,8.0
2244,Zamoon,0.4528301886792453,0,8.0
2245,gtyut56,1.0,0,16.0
2246,yerxa,0.08426966292134831,0,19.0
2247,CherryTeaaa,0.10526315789473684,0,9.0
2248,Proffy82,7.368421052631579,0,9.503511615343056
2249,houseoffaucis,0.42735042735042733,0,19.0
2250,marioreiser,0.6428571428571429,0,8.0
2251,Deamon_Blackfyre,0.03636363636363636,0,7.0
2252,ooczzy,0.1958568738229755,0,6.0
2253,Diarykiller,0.06537530266343826,0,4.0
2254,TheMagicianDolph,0.00773379464740002,0,4.0
2255,Wang_entity,0.03204047217537943,0,9.503511615343056
2256,ixReckless,0.4588235294117647,0,2.0
2257,azucenakearney,4119.0,0,5.0
2258,b0red,1.2100360576923077,0,2.0
2259,Reddit_Moviemaker,0.007547169811320755,0,9.503511615343056
2260,superfudging,0.1870967741935484,0,3.0
2261,The7thTruth,0.20952380952380953,0,9.503511615343056
2262,Erikfa1k,2.2222222222222223,0,8.0
2263,djo_oy,23.327188940092167,0,10.0
2264,eames_era_fo_life,0.27314285714285713,0,9.0
2265,WTCMolybdenum4753,0.6059948460599485,0,11.0
2266,zS_7L_3p,1.0,0,3.0
2267,DonLovin,0.2491103202846975,0,16.0
2268,krajerino,0.062111801242236024,0,18.0
2269,FractalJaguar,0.17293233082706766,0,4.0
2270,VolubilisDiaboli,0.3125,0,9.503511615343056
2271,ucvdhavdzj,0.13,0,16.0
2272,DarthHeadphone,1.0,0,4.0
2273,mousefoe,0.09239130434782608,0,9.503511615343056
2274,ThisisVinnyC,0.21875,0,9.503511615343056
2275,ThatOneFappingGuy,0.056716417910447764,0,16.0
2276,Cat_Lover7,0.4666666666666667,0,9.0
2277,luxorcairo,0.15669515669515668,0,9.0
2278,Trevsdatrevs,0.0625,0,9.503511615343056
2279,Often_Tilly,0.07203389830508475,0,10.0
2280,Southernfog23,0.3333333333333333,0,7.0
2281,industrysucks,0.2916666666666667,0,12.0
2282,peter_veres,2.75,0,9.0
2283,CBS_Interns,0.09523809523809523,0,9.503511615343056
2284,LeissonStation,0.12790697674418605,0,12.0
2285,mirkwoodia,0.16049382716049382,0,8.0
2286,givemolly,0.6923076923076923,0,9.0
2287,leonardo0812,2.0,0,3.0
2288,TranPigtom,4.333333333333333,0,2.0
2289,JeyJohn,0.44,0,17.0
2290,sparkymcdanger2,0.4716981132075472,0,9.0
2291,ABCISASEZAS123,0.5714285714285714,0,4.0
2292,flapjackpancake,6.0,0,10.0
2293,x0swaldx,0.17258883248730963,0,12.0
2294,classtraitor,0.8288888888888889,0,13.0
2295,rickybobbyeverything,0.08585858585858586,0,9.503511615343056
2296,LucidDreamer18,0.03923693908519402,0,3.0
2297,Marinersfan17,0.054285714285714284,0,12.0
2298,RylieMC,0.03397508493771234,0,20.0
2299,konstantinlev,4.4,0,20.0
2300,TactfulEver,0.056640625,0,5.0
2301,LackingAGoodName,0.12012142237640937,0,8.0
2302,PentaPotato,0.11764705882352941,0,9.503511615343056
2303,ElooMC,2.25,0,2.0
2304,webdesignQLD,114.0,0,6.0
2305,HeyImEvan,0.1419753086419753,0,7.0
2306,lydiasavage,0.14285714285714285,0,3.0
2307,licentio,0.25980392156862747,0,3.0
2308,rrunemploy,1.0,0,8.0
2309,i_am_zero,0.14634146341463414,0,10.0
2310,firsttimehereagain,20.0,0,11.0
2311,Hagane_no,0.017809439002671415,0,10.0
2312,Flufles,0.1935483870967742,0,9.503511615343056
2313,kylexon,1.0,0,3.0
2314,Linuslov,0.28205128205128205,0,2.0
2315,Sentient-Cactus,0.06532663316582915,0,8.0
2316,bymatthew,0.6617647058823529,0,9.0
2317,karataska,5.842105263157895,0,8.0
2318,CrazyAboutCurls,0.08208955223880597,0,2.0
2319,jaejae26,0.006986027944111776,0,8.0
2320,Chancery0,0.003780068728522337,0,12.0
2321,Ozera,0.13839662447257384,0,2.0
2322,dildoodlid,0.09163346613545817,0,12.0
2323,cncaudata,0.3246753246753247,0,14.0
2324,cs132,0.7272727272727273,0,10.0
2325,LivinForTheDankMemes,0.5,0,4.0
