,accountName,daily_downtime,uniqueDomains,uniqueSubreddits,uniqueTitles,numSubmissions,top_1,top_2,top_3,uniqueComments,SubmToCommentRatio,label
0,BlackToLive,9.0,7,14,20,28,22,19,13,3,9.333333333333334,1
1,FaurnFlamebreaker,5.816513761467889,1,1,1,1,1,1,1,1,1.0,1
2,Bill_Jonson,5.816513761467889,1,1,1,1,1,1,1,1,1.0,1
3,PurebringerOghmagra,5.816513761467889,2,2,6,6,3,3,2,1,6.0,1
4,Clawisma,3.0,2,17,27,27,9,7,5,4,6.75,1
5,jake_browny,5.816513761467889,1,1,1,1,1,1,1,1,1.0,1
6,LGBTUnited,5.816513761467889,1,1,1,1,1,1,1,1,1.0,1
7,FelhafymDugrel,5.816513761467889,1,1,1,1,1,1,1,1,1.0,1
8,DalaghmaMajurus,5.816513761467889,1,2,5,5,2,2,2,1,5.0,1
9,IfiacelMoogutaxe,4.0,1,3,15,15,2,2,2,1,15.0,1
10,AragelvBlackkiller,5.816513761467889,1,2,7,7,4,3,2,1,7.0,1
11,SsoncenModifyn,5.816513761467889,1,1,1,1,1,1,1,1,1.0,1
12,TaushakarGrantrius,5.816513761467889,2,1,5,5,2,2,1,1,5.0,1
13,MograMarn,5.816513761467889,2,2,2,2,2,2,2,1,2.0,1
14,RedseekerMami,5.816513761467889,1,2,7,7,3,2,1,1,7.0,1
15,RexscarNalmekelv,5.816513761467889,2,2,7,7,3,3,2,1,7.0,1
16,SaberstalkerTygorr,5.816513761467889,1,1,2,2,2,2,1,1,2.0,1
17,ZalarGroshakar,5.816513761467889,1,1,2,2,1,1,1,1,2.0,1
18,GhozarIannn,5.816513761467889,2,2,4,4,2,1,1,1,4.0,1
19,FelorielBalladolore,5.816513761467889,1,2,2,2,1,1,1,1,2.0,1
20,FordreninDalas,5.816513761467889,1,1,1,1,1,1,1,1,1.0,1
21,YozshulkisNighthamm,5.816513761467889,2,4,6,6,2,2,1,1,6.0,1
22,FelothisRagegrove,5.816513761467889,1,4,5,5,2,2,1,1,5.0,1
23,KigagrelMightrunner,5.816513761467889,1,1,6,6,3,2,2,1,6.0,1
24,KularimGaviril,5.816513761467889,2,4,5,5,1,1,1,1,5.0,1
25,KularimGaviril,5.816513761467889,2,4,5,5,1,1,1,1,5.0,1
26,NilkisZargas,3.0,2,4,13,13,4,3,3,1,13.0,1
27,DoukasaZahelm,5.816513761467889,1,1,1,1,1,1,1,1,1.0,1
28,vadro,5.816513761467889,3,6,7,7,2,1,1,4,1.75,1
29,rapitangnyy,3.0,3,3,38,38,7,5,4,1,38.0,1
30,DipperHummer,5.816513761467889,1,2,3,3,1,1,1,1,3.0,1
31,NY_BLACK_PROTEST,5.816513761467889,2,2,1,2,2,2,2,1,2.0,1
32,MAGAing4Trump,5.816513761467889,1,1,1,1,1,1,1,1,1.0,1
33,Motlalepule,5.816513761467889,1,2,2,2,1,1,1,1,2.0,1
34,Motlalent,5.816513761467889,1,2,2,2,1,1,1,1,2.0,1
35,Bugemlon,5.816513761467889,1,2,2,2,2,1,1,1,2.0,1
36,Amohelang,5.816513761467889,1,1,1,1,1,0,0,1,1.0,1
37,Aiden_Chuck,5.816513761467889,1,1,1,1,2,2,1,1,1.0,1
38,Tristen_Sadler,5.816513761467889,1,3,2,3,1,1,1,1,3.0,1
39,Deren777,5.816513761467889,1,3,3,4,4,2,1,1,4.0,1
40,HelenaFreiy,5.816513761467889,4,8,8,8,4,3,3,1,8.0,1
41,vsbeats,5.816513761467889,1,1,1,1,1,1,1,1,1.0,1
42,fergensonk,5.816513761467889,1,1,2,2,1,1,1,1,2.0,1
43,illlolyourtexass,5.816513761467889,2,2,10,11,3,2,2,1,11.0,1
44,AstridRooo,5.816513761467889,0,0,0,1,0,0,0,1,1.0,1
45,LUNACYFREAK,5.816513761467889,1,2,3,3,1,1,1,1,3.0,1
46,picnicshirt,5.816513761467889,3,3,3,3,1,1,1,1,3.0,1
47,Madpood,5.816513761467889,1,2,2,2,1,1,1,1,2.0,1
48,AmazingBodilyFluids,5.816513761467889,2,1,2,2,1,1,1,2,1.0,1
49,qkempek,5.816513761467889,1,1,1,1,1,1,1,1,1.0,1
50,sandlerwow,5.816513761467889,3,4,5,5,2,1,1,1,5.0,1
51,BleepThePolice,5.816513761467889,1,1,1,1,1,1,1,1,1.0,1
52,MerlinPeregrin,5.816513761467889,1,1,1,1,1,1,1,3,0.3333333333333333,1
53,Albert_Baldwin,5.816513761467889,1,1,1,1,1,1,1,1,1.0,1
54,vsrruslan,5.816513761467889,2,2,2,2,1,1,0,1,2.0,1
55,ser005,5.816513761467889,2,1,2,2,1,1,1,1,2.0,1
56,YggkelvZurn,5.816513761467889,1,1,5,5,2,2,1,1,5.0,1
57,KazishuraTerne,3.0,1,3,11,11,4,3,3,1,11.0,1
58,SouthLoneStar,5.816513761467889,0,0,0,1,0,0,0,1,1.0,1
59,Lepolesa,5.816513761467889,1,1,1,1,1,1,1,1,1.0,1
60,moluleloa,5.816513761467889,1,1,1,1,2,1,1,1,1.0,1
61,YggwynZulkigul,5.816513761467889,1,1,1,1,1,1,1,1,1.0,1
62,vsruslan,5.816513761467889,1,3,3,4,2,1,1,1,4.0,1
63,Kutloisiso,5.816513761467889,1,1,1,1,1,1,1,1,1.0,1
64,Hararnir,5.816513761467889,1,1,1,1,1,1,1,1,1.0,1
65,georgepharell,5.816513761467889,1,1,1,1,1,1,1,1,1.0,1
66,kuabrush,5.816513761467889,1,1,1,1,1,1,0,1,1.0,1
67,WileandraMalhala,5.816513761467889,1,1,1,1,1,1,1,1,1.0,1
68,RobbKR,5.816513761467889,4,6,6,6,2,2,1,1,6.0,1
69,ThorgalenGozil,5.816513761467889,1,1,1,1,2,2,1,1,1.0,1
70,WOLFEN01,5.816513761467889,2,6,7,7,2,2,2,1,7.0,1
71,Solodoto666,5.816513761467889,1,2,2,2,1,1,1,1,2.0,1
72,Mamigon,5.816513761467889,1,1,1,1,1,1,1,1,1.0,1
73,ZuluraGolar,5.816513761467889,2,1,7,7,2,2,2,1,7.0,1
74,Anime_Stan,4.0,5,12,42,50,6,6,4,3,16.666666666666668,1
75,QuenceynnTejora,5.816513761467889,2,3,8,8,3,2,2,1,8.0,1
76,IronhammerConjukelv,6.0,2,7,16,16,4,3,3,1,16.0,1
77,truckshark,5.816513761467889,1,1,1,1,1,1,0,1,1.0,1
78,FezilGavinn,5.816513761467889,1,2,6,6,2,2,2,1,6.0,1
79,AdoraronDoomworker,5.816513761467889,1,2,6,6,3,3,2,1,6.0,1
80,ZolosidaSpellsinger,5.816513761467889,1,2,6,6,2,2,1,1,6.0,1
81,KahuginnCerenadar,5.816513761467889,1,1,3,3,1,1,1,1,3.0,1
82,VuranThordilore,5.816513761467889,1,2,3,3,1,1,1,1,3.0,1
83,LandageKador,4.0,2,3,8,8,2,2,1,1,8.0,1
84,GaranaTobar,5.816513761467889,1,2,3,3,2,1,1,1,3.0,1
85,YggdorKakree,5.816513761467889,1,3,6,6,2,2,1,1,6.0,1
86,Heirlow,5.816513761467889,1,1,1,1,1,1,1,1,1.0,1
87,FordreranaCordagda,5.816513761467889,1,2,6,6,3,2,1,1,6.0,1
88,SailakSamura,5.816513761467889,3,4,3,5,4,4,2,1,5.0,1
89,smollow,5.816513761467889,1,2,2,2,1,1,1,1,2.0,1
90,foxmeowlder,5.816513761467889,1,2,2,2,1,1,1,1,2.0,1
91,CeriusTojajar,3.0,1,3,8,8,2,2,2,1,8.0,1
92,ModitiusOpirius,5.816513761467889,3,3,4,4,3,1,1,1,4.0,1
93,Mohato,5.816513761467889,1,2,3,3,1,1,1,1,3.0,1
94,Abena_Tau,4.0,9,20,28,41,16,14,10,1,41.0,1
95,GranilisDogul,5.816513761467889,2,2,5,5,3,3,2,1,5.0,1
96,BloodwoodArashizrag,5.816513761467889,1,3,8,8,2,2,1,1,8.0,1
97,crownalbum,5.816513761467889,1,1,1,1,1,1,0,1,1.0,1
98,DaytonayenMoranaya,6.0,2,3,9,9,4,4,2,1,9.0,1
99,CewieldZuluhn,5.816513761467889,1,4,6,7,7,3,2,1,7.0,1
100,Taulou,5.816513761467889,1,1,1,1,1,1,1,1,1.0,1
101,VoodoogamiAurilak,4.0,5,7,24,24,6,5,5,1,24.0,1
102,HaroldGarold,5.816513761467889,1,1,1,1,1,1,1,1,1.0,1
103,OghmagelvFedora,5.816513761467889,1,3,7,7,3,3,2,1,7.0,1
104,LightshadeGardakino,18.0,3,10,19,19,5,4,4,1,19.0,1
105,TetaurDafyn,5.816513761467889,2,3,10,11,2,2,2,1,11.0,1
106,HoodieLoodie,5.816513761467889,1,1,1,1,1,1,1,1,1.0,1
107,KagrelMauran,4.0,1,2,9,9,3,2,2,1,9.0,1
108,NilarilOpirim,18.0,3,5,16,16,8,5,4,1,16.0,1
109,DrelathrisBo,5.816513761467889,1,2,6,6,3,2,2,1,6.0,1
110,SalmaranLaihuginn,6.0,1,4,10,10,5,4,4,1,10.0,1
111,mr_clampin,5.816513761467889,10,8,17,17,6,3,3,20,0.85,1
112,VanecedwaShadowsmith,5.816513761467889,1,3,3,3,2,1,1,1,3.0,1
113,SadCitizen2016,5.816513761467889,8,19,19,33,13,11,8,2,16.5,1
114,seatfaith,5.816513761467889,1,1,1,1,1,1,0,1,1.0,1
115,AgaluneMalordred,6.0,2,5,8,8,6,5,5,1,8.0,1
116,KakreeTabar,5.816513761467889,1,2,9,9,3,1,1,1,9.0,1
117,thistleescape,5.816513761467889,1,1,1,1,1,1,0,1,1.0,1
118,WilliananLandalsa,6.0,2,3,18,18,8,7,4,1,18.0,1
119,inkreindeer,5.816513761467889,1,1,1,1,1,1,0,1,1.0,1
120,TojasidaSamukree,19.0,3,11,26,27,8,7,7,5,5.4,1
121,IshnranaAnayagrinn,6.0,4,5,19,19,9,4,4,1,19.0,1
122,ModitiusFaetaur,5.816513761467889,3,5,8,8,5,2,2,1,8.0,1
123,GushicageAgamadi,5.816513761467889,1,2,7,7,2,2,2,1,7.0,1
124,NuaborShaktikasa,4.0,2,5,18,18,5,4,3,1,18.0,1
125,garliccomet,5.816513761467889,1,1,1,1,1,1,0,1,1.0,1
126,JerrHill,3.0,2,13,14,15,2,2,1,26,0.5769230769230769,1
127,moonreading,5.816513761467889,1,1,1,1,1,1,0,1,1.0,1
128,MalojurusMutus,4.0,3,6,23,23,7,6,6,3,7.666666666666667,1
129,AralisTugis,5.816513761467889,1,1,1,1,1,1,1,1,1.0,1
130,FreddieGi,5.816513761467889,1,1,1,1,1,1,1,1,1.0,1
131,CogelvWhitebinder,5.816513761467889,1,3,8,8,3,2,2,1,8.0,1
132,VojarAndrorus,5.816513761467889,2,2,7,7,3,2,2,1,7.0,1
133,SharprunnerAndrolas,3.0,3,5,23,23,6,5,4,1,23.0,1
134,Winthrop_Clancy,5.816513761467889,2,2,2,2,1,1,1,1,2.0,1
135,emilyli,5.816513761467889,10,10,34,34,8,8,8,4,8.5,1
136,BagoreZulkihn,3.0,1,3,8,9,3,3,2,1,9.0,1
137,DorothieBell,3.0,7,12,26,26,8,3,3,140,0.18571428571428572,1
138,wadeharriot,5.816513761467889,8,5,15,15,6,6,6,15,1.0,1
139,KatusPenadar,5.816513761467889,1,1,9,9,3,3,2,1,9.0,1
140,KulazelKelkree,5.816513761467889,1,2,5,5,1,1,1,1,5.0,1
141,1488reasons,15.0,0,0,0,1,0,0,0,189,0.005291005291005291,1
142,TojatMalaron,3.0,2,6,16,16,5,3,3,2,8.0,1
143,DalabandisAndroma,5.816513761467889,1,1,1,1,1,1,1,1,1.0,1
144,riversailor,5.816513761467889,3,4,4,4,1,1,1,1,4.0,1
145,SteelfangMogamand,5.816513761467889,2,3,4,4,2,2,2,1,4.0,1
146,bottlehope,5.816513761467889,1,1,1,1,1,1,0,1,1.0,1
147,harperdaveharper,4.0,3,11,81,101,20,11,11,2,50.5,1
148,chriscrossfire,11.0,8,7,33,33,9,6,4,2,16.5,1
149,GavinayaBeazefym,5.816513761467889,1,1,1,1,1,1,1,1,1.0,1
150,SnorrySturluson,5.816513761467889,1,1,4,4,3,3,2,1,4.0,1
151,GoldenbringerTogore,5.816513761467889,1,2,2,2,2,1,1,1,2.0,1
152,NalenTaugami,3.0,5,7,10,10,4,2,2,1,10.0,1
153,DianarinAdorardred,5.816513761467889,1,1,2,2,3,1,1,1,2.0,1
154,ThorgaghmaLai,5.816513761467889,1,2,3,3,2,2,1,1,3.0,1
155,FerdavynaCentrirus,5.816513761467889,1,3,6,6,3,2,2,1,6.0,1
156,petouchoque,2.0,1,1,3,4,3,2,2,63,0.06349206349206349,1
157,AriundisVugar,5.816513761467889,1,4,6,6,4,4,3,1,6.0,1
158,CordaronGavinralbin,5.816513761467889,1,4,5,5,2,1,1,1,5.0,1
159,DelaranaBatius,4.0,1,3,6,6,4,2,2,1,6.0,1
160,BallardredTholak,3.0,1,4,11,11,7,5,4,1,11.0,1
161,MalalladorSincliff,3.0,2,4,29,29,8,5,5,1,29.0,1
162,JoJouel,5.816513761467889,2,3,2,3,2,2,2,1,3.0,1
163,violinslipper,5.816513761467889,1,2,2,2,1,1,1,1,2.0,1
164,caterpillarclass,5.816513761467889,1,2,2,2,1,1,1,1,2.0,1
165,AxeseekerMightwind,5.816513761467889,1,4,9,9,5,4,3,1,9.0,1
166,SamugoreKekelv,18.0,4,7,10,11,5,4,4,13,0.8461538461538461,1
167,DelalbineSilvershad,5.816513761467889,1,3,5,5,4,2,2,1,5.0,1
168,DarusCege,5.816513761467889,1,3,5,5,4,3,2,1,5.0,1
169,RedGov,5.816513761467889,1,2,2,2,1,1,1,1,2.0,1
170,Malefane,5.816513761467889,1,2,3,3,1,1,1,1,3.0,1
171,PeriniusDular,3.0,3,4,52,56,12,8,8,2,28.0,1
172,VudonrisMakasa,5.816513761467889,2,2,2,2,2,1,1,1,2.0,1
173,VukazahnGardagis,4.0,2,8,34,35,14,6,6,1,35.0,1
174,AndromajurusAragrel,3.0,7,11,51,51,12,7,6,1,51.0,1
175,HityndiDutilar,3.0,2,4,22,22,4,3,3,1,22.0,1
176,NekoraJoJolar,3.0,2,6,44,46,11,8,7,1,46.0,1
177,Dazzle6,5.816513761467889,1,1,1,1,1,1,1,1,1.0,1
178,rockanda,5.816513761467889,2,5,5,6,2,2,2,3,2.0,1
179,IronwalkerGardred,5.0,3,6,29,29,8,6,5,1,29.0,1
180,DelanradAgamadwyn,5.816513761467889,1,5,8,8,6,2,2,1,8.0,1
181,FenrilkreeMolabar,5.816513761467889,2,3,10,10,4,3,3,1,10.0,1
182,BludflameMeztirg,5.816513761467889,1,3,4,4,2,1,1,1,4.0,1
183,researchbeggar,5.816513761467889,1,3,4,4,1,1,1,1,4.0,1
184,AndrorneGavinrage,5.816513761467889,1,4,7,7,2,2,2,1,7.0,1
185,TebenelBrazragore,5.0,2,3,17,17,6,3,3,1,17.0,1
186,DaFordremand,4.0,1,4,12,12,3,3,2,1,12.0,1
187,SharpwingChillshape,5.816513761467889,1,4,4,4,1,1,1,1,4.0,1
188,Gillian0zero0,5.816513761467889,1,1,1,1,1,1,0,1,1.0,1
189,CererinKarn,4.0,1,5,8,8,2,2,2,1,8.0,1
190,ZukoraTezil,4.0,2,5,13,13,6,5,5,1,13.0,1
191,Mponeng,5.816513761467889,1,2,2,2,1,1,1,1,2.0,1
192,MnefymPainmane,5.816513761467889,2,3,8,8,4,4,4,1,8.0,1
193,HellwindShadowbreak,3.0,2,5,14,14,4,4,2,1,14.0,1
194,richwilcom,7.0,8,8,13,14,4,3,3,13,1.0769230769230769,1
195,moratutu,5.816513761467889,2,2,2,2,1,1,1,1,2.0,1
196,DalahelmFelharil,3.0,9,12,28,29,9,7,6,1,29.0,1
197,PaulMall112,3.0,3,12,13,13,4,2,2,29,0.4482758620689655,1
198,AgamagelvTozshura,4.0,1,8,18,19,12,7,6,1,19.0,1
199,tishcol,7.0,6,32,71,72,10,9,9,8,9.0,1
200,xameg,4.0,1,1,1,1,1,1,1,35,0.02857142857142857,1
201,PeGobei,5.816513761467889,1,2,4,4,3,2,2,1,4.0,1
202,blackie_jack,4.0,6,19,32,37,9,6,5,45,0.8222222222222222,1
203,BurigelvGravelbrew,3.0,1,2,10,10,4,2,2,1,10.0,1
204,MalasarGholbiris,4.0,2,4,10,10,3,2,2,1,10.0,1
205,UmthDarkfire,5.816513761467889,1,2,2,2,1,1,1,1,2.0,1
206,Graham_Quinn,5.816513761467889,1,1,1,1,1,1,0,1,1.0,1
207,brondran,3.0,3,18,26,26,8,5,4,14,1.8571428571428572,1
208,Alex_Jonathan,3.0,4,15,32,32,5,4,3,1,32.0,1
209,sugarshoehorn,5.816513761467889,1,1,1,1,1,1,0,1,1.0,1
210,LeyleynFearlessworm,18.0,3,10,37,38,19,8,6,1,38.0,1
211,CeginnFonin,4.0,1,4,20,20,7,6,5,1,20.0,1
212,Heetmean,5.816513761467889,2,3,3,3,1,1,1,1,3.0,1
213,GoltijindGoltishura,5.816513761467889,1,3,4,4,2,2,1,1,4.0,1
214,horseeating,5.816513761467889,1,1,1,1,1,1,1,1,1.0,1
215,Meek_Mitchel,5.816513761467889,1,2,2,2,1,1,1,1,2.0,1
216,hadheart,5.0,20,15,36,36,11,6,5,32,1.125,1
217,men_like,6.0,6,37,93,93,21,17,11,48,1.9375,1
218,ThordibandisHugimat,6.0,2,3,12,12,4,3,3,1,12.0,1
219,waeqxd,9.0,3,3,8,8,7,2,2,2,4.0,1
220,hyddrox,4.0,11,4,17,17,4,3,3,37,0.4594594594594595,1
221,CogdaAnayanara,4.0,3,4,11,11,6,3,2,1,11.0,1
222,brant_s,6.0,5,17,42,46,10,9,8,8,5.75,1
223,ZamalynodeThothis,3.0,1,3,8,8,2,2,2,1,8.0,1
224,fginery,5.816513761467889,1,2,2,2,2,1,1,1,2.0,1
225,come-true,6.0,6,11,34,34,6,4,4,2,17.0,1
226,CereranaKeath,4.0,1,3,9,9,3,3,2,1,9.0,1
227,Chereese,3.0,2,26,37,38,12,11,8,64,0.59375,1
228,TojasHellwarden,4.0,2,3,25,28,5,5,4,1,28.0,1
229,toffeeathletics,5.816513761467889,1,1,1,1,1,1,1,1,1.0,1
230,laserathletics,5.816513761467889,2,3,3,3,1,1,1,1,3.0,1
231,Peter_Stevenson1986,3.0,15,23,31,35,11,6,5,45,0.7777777777777778,1
232,GavinraraFonara,5.816513761467889,1,4,5,5,3,2,2,1,5.0,1
233,keklelkek,8.0,1,8,19,21,4,4,3,1,21.0,1
234,ThonisIshnlen,6.0,1,4,7,8,3,2,2,1,8.0,1
235,IronZion17,17.0,14,17,54,54,11,8,8,50,1.08,1
236,ThontriusBanos,3.0,2,5,43,47,20,10,8,1,47.0,1
237,NitaurMaull,3.0,2,6,50,55,26,16,13,1,55.0,1
238,MananaraGralsa,5.0,2,3,9,10,2,2,2,1,10.0,1
239,KanyeBreeze,18.0,10,15,47,47,11,8,7,2,23.5,1
240,LalhalaGavinradwyn,5.816513761467889,1,1,3,3,3,2,2,1,3.0,1
241,NualvCordalace,20.0,5,9,48,51,17,8,8,1,51.0,1
242,gordon_br,18.0,7,22,68,68,15,14,8,6,11.333333333333334,1
243,KiririelCebandis,3.0,1,3,9,9,3,3,3,1,9.0,1
244,UelitheLandagelv,3.0,3,16,42,42,17,12,7,12,3.5,1
245,UelitheLandagelv,3.0,3,16,42,42,17,12,7,12,3.5,1
246,dandy1crown,5.816513761467889,1,1,1,1,1,1,0,1,1.0,1
247,GrisidaColak,5.816513761467889,1,5,9,9,3,3,3,1,9.0,1
248,Alice_Boginski,3.0,4,15,27,28,4,4,3,2,14.0,1
249,Fungon,5.816513761467889,1,3,3,3,1,1,1,1,3.0,1
250,MiraranaMogra,3.0,2,10,44,55,13,10,9,4,13.75,1
251,FoshantBloodstone,6.0,2,3,27,27,8,7,7,1,27.0,1
252,BeazerneMem,4.0,2,8,19,19,8,7,7,1,19.0,1
253,Mandeyboy,5.816513761467889,2,4,4,4,1,1,1,1,4.0,1
254,AriutusMokazahn,4.0,2,6,24,24,15,9,8,1,24.0,1
255,clackie,4.0,23,21,57,61,13,10,10,22,2.772727272727273,1
256,ReggaeBull,8.0,8,13,43,43,14,6,6,1,43.0,1
257,AlsagelvBuriron,3.0,4,8,49,49,37,17,15,4,12.25,1
258,Deusexmachina112,18.0,18,26,97,97,14,12,10,1,97.0,1
259,elsie_c,18.0,6,16,36,38,8,6,6,4,9.5,1
260,TedarYozshujin,3.0,2,6,26,28,6,4,4,1,28.0,1
261,toneporter,3.0,14,9,26,26,8,5,5,35,0.7428571428571429,1
262,SinmoonYggbandis,5.816513761467889,2,3,10,10,2,2,2,1,10.0,1
263,DoppleGun,5.816513761467889,1,13,29,46,19,13,8,1,46.0,1
264,Maineylops,5.0,88,120,406,423,105,84,82,329,1.2857142857142858,1
265,Maxwel_Terry,4.0,281,373,1282,1359,338,318,238,313,4.34185303514377,1
266,deusXYX,3.0,29,28,61,61,17,16,15,337,0.18100890207715134,1
267,MasiusShadowshaper,20.0,3,6,11,11,3,2,2,1,11.0,1
268,MargasGranidor,3.0,2,17,82,111,28,18,15,5,22.2,1
269,Peter_Hurst,3.0,297,195,1187,1357,335,303,298,222,6.112612612612613,1
270,ErivMalazilkree,3.0,6,15,185,195,64,32,32,25,7.8,1
271,King_Andersons,4.0,129,154,543,580,130,126,121,326,1.7791411042944785,1
272,BerskyN,5.816513761467889,1,2,2,2,1,1,1,1,2.0,1
273,WhatImDoindHere,4.0,5,22,151,180,31,18,14,6,30.0,1
274,Kevin_Milner,3.0,488,229,2232,2619,630,569,524,285,9.189473684210526,1
275,shomyo,2.0,380,32,1160,1298,374,349,316,404,3.212871287128713,1
276,KellyStrack,7.0,2,11,133,133,62,46,39,1,133.0,0
277,kabir_chaudhary,9.503511615343056,1,1,1,1,2,2,2,1,1.0,0
278,pseph2016,9.503511615343056,4,4,4,4,9,6,5,1,4.0,0
279,akunnaila,15.0,19,4,192,192,108,92,50,1,192.0,0
280,alypigcahighve,9.503511615343056,1,1,1,1,1,1,1,1,1.0,0
281,keigisimpdebyba,9.503511615343056,1,1,1,1,2,1,1,1,1.0,0
282,rapboy01,9.503511615343056,1,2,7,7,2,2,2,1,7.0,0
283,Josephrle,17.0,13,3,21,21,4,4,3,1,21.0,0
284,schmidtkdp49616,9.0,15,1,15,15,5,4,4,1,15.0,0
285,dwa7ebv,9.503511615343056,1,1,1,1,2,1,1,1,1.0,0
286,astrologergaur,17.0,1,8,20,20,5,5,4,1,20.0,0
287,navsandhar,12.0,5,13,63,65,25,11,10,1,65.0,0
288,sinuspanic,9.503511615343056,1,1,1,1,1,1,1,1,1.0,0
289,saosangmo,16.0,18,5,25,25,12,11,11,1,25.0,0
290,DJSkyBG,9.503511615343056,2,1,3,3,3,2,2,1,3.0,0
291,Taylorezbc,9.503511615343056,1,1,1,1,2,2,2,1,1.0,0
292,astonishingcamptPc,9.503511615343056,1,1,1,1,1,1,1,1,1.0,0
293,Sherpadesk15,17.0,27,11,29,152,81,57,53,1,152.0,0
294,devinrite49,3.0,1,1,46,46,44,44,35,1,46.0,0
295,annavovo,16.0,5,3,302,305,116,87,68,1,305.0,0
296,renteriaha,9.503511615343056,6,6,6,6,2,2,2,1,6.0,0
297,AnonymousINTJ,9.503511615343056,1,1,1,1,1,1,1,1,1.0,0
298,shrikantrane19,4.0,7,36,95,96,91,75,73,1,96.0,0
299,BluedarkArt,2.0,46,103,191,195,166,108,67,1,195.0,0
300,cinenet3,9.503511615343056,1,1,1,1,1,1,1,1,1.0,0
301,JPL85,9.503511615343056,1,1,1,1,1,1,1,1,1.0,0
302,yamaja124,9.0,1,1,1,1,1,1,1,1,1.0,0
303,jakogazi,7.0,1,5,21,21,3,3,2,1,21.0,0
304,motoway,11.0,1,1,1,1,1,1,1,1,1.0,0
305,Aakashastyle,3.0,5,4,28,28,5,4,3,1,28.0,0
306,zoee2367,11.0,2,1,1,2,2,2,2,1,2.0,0
307,rickcooper2016,12.0,5,40,147,205,65,63,63,1,205.0,0
308,latovelich,12.0,2,2,2,2,1,1,1,1,2.0,0
309,n-h-n,11.0,1,1,1,1,1,1,1,1,1.0,0
310,lordhercules,7.0,11,12,219,219,126,61,45,1,219.0,0
311,statisticshelpdesk1,5.0,59,45,289,385,350,348,335,1,385.0,0
312,nesmetihor,3.0,1,1,65,65,14,11,9,1,65.0,0
313,kylexon,3.0,1,1,1,1,1,1,1,1,1.0,0
314,trasuppca14779,10.0,1,1,1,1,1,1,1,1,1.0,0
315,danbill3645,20.0,1,1,1,1,1,1,1,1,1.0,0
316,NishaParmar267,9.0,2,1,42,66,37,29,22,1,66.0,0
317,tamzi9933,9.0,1,1,1,1,1,1,1,1,1.0,0
318,dienhoathanglong,10.0,6,1,9,10,5,4,4,1,10.0,0
319,ufouniontv,7.0,2,13,33,51,26,23,13,1,51.0,0
320,AshleyWarwa,8.0,17,14,70,71,34,23,18,1,71.0,0
321,gymequipmentspunjab,9.503511615343056,18,7,57,76,64,46,38,1,76.0,0
322,elenof59933,9.503511615343056,1,1,1,1,2,2,1,1,1.0,0
323,RelatablyIndecent,8.0,2,2,3,3,1,1,1,1,3.0,0
324,erpreen99342,7.0,1,1,1,1,1,1,1,1,1.0,0
325,JamesD42,6.0,2,24,415,417,138,124,90,1,417.0,0
326,kimcil128,6.0,4,5,8,10,5,5,5,1,10.0,0
327,jones84,13.0,1,1,2,2,1,1,0,1,2.0,0
328,frivgazo,8.0,160,11,282,295,162,120,97,1,295.0,0
329,manifever,7.0,1,1,1,1,1,1,0,1,1.0,0
330,parkavenuesmartlipo,9.503511615343056,11,2,72,75,61,20,19,1,75.0,0
331,eloradanaan,8.0,1,1,1,1,2,1,1,1,1.0,0
332,crazyskin123,9.0,1,1,1,1,2,2,2,1,1.0,0
333,webdesignQLD,6.0,18,5,79,114,172,159,134,1,114.0,0
334,flor14n4,2.0,1,1,623,625,112,112,77,1,625.0,0
335,ShoppriceAustralia,7.0,4,62,130,133,11,11,10,1,133.0,0
336,alexromanov1985,2.0,4,40,434,435,60,50,42,1,435.0,0
337,mouislam905,5.0,1,1,1,1,1,1,1,1,1.0,0
338,zS_7L_3p,3.0,1,1,1,1,1,1,1,1,1.0,0
339,Gratch792,10.0,1,1,1,1,1,1,1,1,1.0,0
340,GallegosProduction,9.503511615343056,3,25,66,72,19,19,10,1,72.0,0
341,edburgsteffan,3.0,1,1,1,1,2,2,2,1,1.0,0
342,DrFarnsworthh,11.0,1,1,46,54,2,2,2,1,54.0,0
343,onlinemystore,19.0,5,5,98,146,152,140,127,1,146.0,0
344,Powell06Hull,10.0,2,1,2,2,2,2,2,1,2.0,0
345,Dumpsterman74755,8.0,1,1,1,1,2,1,1,1,1.0,0
346,Luckeybabe,3.0,1,1,3,3,1,1,1,1,3.0,0
347,gtyut56,16.0,1,1,1,1,1,1,1,1,1.0,0
348,ahotparty,9.0,19,5,23,149,84,68,64,1,149.0,0
349,Richellemandy,10.0,39,12,122,129,92,64,44,1,129.0,0
350,classmateprob24,7.0,1,1,2,2,4,2,2,1,2.0,0
351,Thatelplay,8.0,2,2,3,3,3,2,2,1,3.0,0
352,asknow76,8.0,1,1,1,1,1,1,1,1,1.0,0
353,ya3faiwea,10.0,1,1,1,1,1,1,1,1,1.0,0
354,georgettac15,13.0,2,2,205,206,173,149,33,1,206.0,0
355,MessageDeliver314,11.0,2,36,2,53,53,36,36,1,53.0,0
356,alina45687,10.0,1,1,1,1,1,1,1,1,1.0,0
357,rashelalo1012,8.0,2,2,113,121,73,63,60,1,121.0,0
358,leonardo0812,3.0,1,1,2,2,2,1,1,1,2.0,0
359,mulpay6538,8.0,1,1,1,1,2,2,1,1,1.0,0
360,Promotions2,5.0,1,1,1,1,1,1,1,1,1.0,0
361,toyhousehd,2.0,1,13,20,52,40,27,24,1,52.0,0
362,fhsjxdgfg,8.0,1,1,12,12,12,12,11,1,12.0,0
363,h4xr4nubs,3.0,2,25,31,40,28,26,14,1,40.0,0
364,Synium,9.0,1,1,1,1,1,1,1,1,1.0,0
365,urbanavenues1,2.0,4,4,53,53,39,17,15,1,53.0,0
366,Chocovich,9.0,3,6,10,16,6,5,5,1,16.0,0
367,softwaretestingsol,9.0,2,4,41,41,35,14,12,1,41.0,0
368,TheMexicanMAP,4.0,2,2,2,2,1,1,1,1,2.0,0
369,josephb987,11.0,15,4,20,22,13,10,7,1,22.0,0
370,newsheraldinoh,4.0,3,10,20,20,10,9,7,1,20.0,0
371,annectar,4.0,2,2,2,2,2,2,1,1,2.0,0
372,ARturtle4751,8.0,1,1,1,1,1,1,1,1,1.0,0
373,lucifer8246,7.0,1,1,2,3,3,3,3,1,3.0,0
374,throwthrow12231,7.0,1,1,1,1,1,1,1,1,1.0,0
375,sagitec,9.503511615343056,3,3,12,12,7,6,3,1,12.0,0
376,throwawayqazqaz2,18.0,1,1,1,1,1,1,1,1,1.0,0
377,janeciabattari,3.0,1,1,4,4,2,2,2,1,4.0,0
378,pageantresale,2.0,2,2,143,143,124,121,121,1,143.0,0
379,peter12a,3.0,2,2,2,2,4,3,2,1,2.0,0
380,daz260,9.503511615343056,2,2,2,2,2,1,1,1,2.0,0
381,Hirakhanpk,11.0,1,2,3,3,1,1,1,1,3.0,0
382,Thaddman,8.0,1,1,1,1,1,1,1,1,1.0,0
383,chansalean,18.0,64,1,171,333,272,145,125,1,333.0,0
384,sweetbookremedy,9.503511615343056,2,3,4,4,9,8,7,1,4.0,0
385,tonyyy555,6.0,1,1,1,1,1,1,1,1,1.0,0
386,cricketmaniamahi,9.503511615343056,1,1,3,3,2,2,1,1,3.0,0
387,HandsomeCanadianStud,10.0,1,1,1,1,1,1,1,1,1.0,0
388,isusukristus,11.0,43,41,50,50,6,5,4,1,50.0,0
389,a-kozub,8.0,1,1,1,1,1,1,1,1,1.0,0
390,HaddyHaddy49,14.0,1,1,1,1,2,1,1,1,1.0,0
391,Wizardofgreece,9.0,1,1,1,1,1,1,1,1,1.0,0
392,thediabetessolutions,8.0,12,7,14,16,21,8,7,1,16.0,0
393,ji209,20.0,1,1,1,1,1,1,1,1,1.0,0
394,smutty-throwaway,9.503511615343056,1,1,18,30,30,28,15,1,30.0,0
395,DeadlineHD,9.0,2,2,3,3,3,3,3,1,3.0,0
396,Rhody1337,8.0,1,1,1,1,1,1,1,1,1.0,0
397,verticalcoloum,20.0,1,1,1,1,1,0,0,1,1.0,0
398,stonerfish,17.0,1,2,2,2,2,1,1,1,2.0,0
399,bhcks,19.0,2,1,6,6,4,2,2,1,6.0,0
400,chccharlotte,10.0,2,2,16,17,10,4,3,1,17.0,0
401,buyfreehold,15.0,2,2,5,5,3,2,2,1,5.0,0
402,cloudreflect,11.0,1,1,1,1,1,1,1,1,1.0,0
403,polarbear625,9.503511615343056,1,1,1,1,1,1,1,1,1.0,0
404,EntJunkie,8.0,1,4,5,6,3,2,2,1,6.0,0
405,lob_city_clips,10.0,1,1,1,1,1,1,1,1,1.0,0
406,gaurflats1,19.0,4,3,5,5,6,4,4,1,5.0,0
407,aeiou11235,9.503511615343056,1,1,1,1,1,1,1,1,1.0,0
408,Cerollsnejhd,20.0,1,1,2,2,2,2,2,1,2.0,0
409,LuciaRoldan,6.0,1,1,1,1,1,1,1,1,1.0,0
410,adrianomaini,10.0,34,1,197,263,239,95,44,1,263.0,0
411,niconoir,9.503511615343056,1,1,1,1,1,1,1,1,1.0,0
412,negroid9000,9.0,3,5,6,6,4,4,4,1,6.0,0
413,Petie1106,9.0,1,1,2,2,2,1,1,1,2.0,0
414,asangasa,18.0,2,2,45,45,33,22,21,1,45.0,0
415,xanax_Question,10.0,1,1,1,1,1,1,1,1,1.0,0
416,Had214,9.0,2,2,2,2,1,1,1,1,2.0,0
417,ateee3e,9.0,4,4,4,4,3,3,2,1,4.0,0
418,albertsmithaff,13.0,12,12,12,17,8,7,6,1,17.0,0
419,snuger577933,10.0,1,1,1,1,1,1,1,1,1.0,0
420,lsiadhfasd8ahls8dfsd,5.0,2,1,2,2,2,1,1,1,2.0,0
421,tranthuyhy1234,10.0,210,1,310,312,183,114,89,1,312.0,0
422,RedBull_Fanatic,8.0,1,1,1,1,1,1,1,1,1.0,0
423,Church_Builders,10.0,19,1,25,25,8,8,6,1,25.0,0
424,homeinspection3,15.0,5,3,10,10,11,6,6,1,10.0,0
425,ihatemy17yearoldself,10.0,1,1,1,1,2,1,1,1,1.0,0
426,philwinder,17.0,2,3,3,3,2,1,1,1,3.0,0
427,rrunemploy,8.0,1,1,1,1,1,1,0,1,1.0,0
428,cricketanmore,10.0,5,5,26,26,10,7,7,1,26.0,0
429,daveistaken,10.0,2,1,6,6,6,4,3,1,6.0,0
430,DarthHeadphone,4.0,1,1,1,1,1,1,1,1,1.0,0
431,drewman513,9.503511615343056,1,1,1,1,1,1,1,1,1.0,0
432,PingToThePong1994,18.0,1,1,1,1,1,1,1,1,1.0,0
433,BMSCEEDL,14.0,1,1,1,1,1,1,1,1,1.0,0
434,fattyfattyta,10.0,1,1,1,1,1,1,1,1,1.0,0
435,Cutun,2.0,7,3,63,63,12,8,5,1,63.0,0
436,SolarMarz,9.503511615343056,3,2,3,4,2,2,2,1,4.0,0
437,trying_2_hang,9.503511615343056,1,1,1,1,1,1,1,1,1.0,0
438,ILoveMomsTits,14.0,3,3,33,39,34,13,10,1,39.0,0
439,dupedupedupe321321,9.503511615343056,2,3,3,3,2,1,1,1,3.0,0
440,Devpressed,9.503511615343056,1,1,1,1,2,2,1,1,1.0,0
441,ceraymer,9.503511615343056,1,1,1,1,1,1,1,1,1.0,0
442,Mianihtesham,3.0,4,5,78,86,64,61,28,1,86.0,0
443,ilummynation,2.0,4,43,48,82,42,31,25,1,82.0,0
444,romypoul,18.0,9,2,18,19,12,11,10,1,19.0,0
445,V7TV,8.0,5,4,7,7,3,3,2,1,7.0,0
446,plotaramifikbi,6.0,1,1,1,1,1,1,1,1,1.0,0
447,chirone,2.0,3,4,4,4,2,1,1,1,4.0,0
448,TechRevMarrell,11.0,1,1,3,3,1,1,1,1,3.0,0
449,MagnusVonWittrup,10.0,1,1,1,1,1,1,1,1,1.0,0
450,Shih_Tzu_Club,4.0,6,14,287,287,181,149,81,1,287.0,0
451,whitestairs123,14.0,1,1,1,1,1,1,1,1,1.0,0
452,Leo_29,3.0,1,1,1,1,1,1,1,1,1.0,0
453,stokesy56,6.0,1,1,1,1,1,1,0,1,1.0,0
454,georgesmith1312,9.0,5,4,85,131,85,56,53,1,131.0,0
455,NashtownLivin,10.0,27,15,66,67,27,13,12,1,67.0,0
456,puncabi,2.0,5,4,7,7,2,1,1,1,7.0,0
457,Feschberswilli,9.0,1,1,1,1,1,1,1,1,1.0,0
458,BestJoeyAfrica,9.503511615343056,2,2,2,2,2,2,1,1,2.0,0
459,ttdi101,8.0,1,1,1,1,1,1,1,1,1.0,0
460,yusefvideo,4.0,1,29,90,92,71,60,58,1,92.0,0
461,cdhanner,9.0,1,5,4,5,5,5,4,1,5.0,0
462,seljamark111,12.0,26,25,42,53,11,9,6,1,53.0,0
463,mugensiz,8.0,5,18,50,58,25,21,17,1,58.0,0
464,cpo1979,7.0,3,3,3,3,1,1,1,1,3.0,0
465,otiyime,10.0,1,1,1,1,1,1,1,1,1.0,0
466,uMnNoor,14.0,2,1,2,2,2,1,1,1,2.0,0
467,summit-co,9.503511615343056,3,3,3,3,1,1,1,1,3.0,0
468,PotatoCooks,9.503511615343056,1,1,1,1,1,1,1,1,1.0,0
469,cookiemonsteroncsgo,9.0,1,1,6,6,3,3,3,1,6.0,0
470,WolfgangAmadeusBen,10.0,2,2,2,2,2,2,2,1,2.0,0
471,williamspreston44,19.0,1,1,2,2,3,2,2,1,2.0,0
472,ItalianJedi,9.503511615343056,1,1,1,1,2,1,1,1,1.0,0
473,stratplayer1988,7.0,7,7,7,7,3,2,2,1,7.0,0
474,fivefootone16,2.0,2,2,2,2,2,2,2,1,2.0,0
475,Sn0rlax666,16.0,1,1,1,1,1,1,1,1,1.0,0
476,KuriousGamer,9.0,1,1,1,1,1,1,1,1,1.0,0
477,Mauvefordandsons,10.0,1,1,1,1,1,1,1,1,1.0,0
478,Androidmate007,11.0,1,1,2,2,3,2,2,1,2.0,0
479,Islandemb,8.0,1,1,1,1,1,1,0,1,1.0,0
480,ReaxxaeR,9.503511615343056,3,3,7,7,8,5,4,1,7.0,0
481,Throoway98,10.0,2,2,2,2,1,1,1,1,2.0,0
482,DrakenII,9.0,2,2,2,2,1,1,1,1,2.0,0
483,ekoehler,2.0,1,2,2,2,2,2,2,1,2.0,0
484,Sozerac,15.0,2,4,4,5,8,3,2,1,5.0,0
485,Enzile_,9.0,1,1,2,2,2,2,1,1,2.0,0
486,_Ebolivia_,9.0,1,1,1,1,1,1,1,1,1.0,0
487,throwaway19119119,11.0,1,1,1,1,1,1,1,1,1.0,0
488,SorenBreese,9.503511615343056,1,1,1,1,2,1,1,2,0.5,0
489,Pliniomonkey,9.503511615343056,1,1,1,1,1,1,1,2,0.5,0
490,ssl28,9.503511615343056,1,1,1,1,1,1,1,2,0.5,0
491,gamafreak,9.503511615343056,2,2,4,4,2,2,2,2,2.0,0
492,PaceyRJ,9.0,1,1,3,3,1,1,1,2,1.5,0
493,Tonny_Freeman,8.0,1,1,2,2,2,2,2,2,1.0,0
494,farmtrack60,10.0,14,31,49,49,17,12,10,2,24.5,0
495,flapjackpancake,10.0,1,1,12,12,8,7,7,2,6.0,0
496,DeanosaurusMetz,3.0,4,11,18,19,7,5,5,2,9.5,0
497,SimplyGraded,9.0,7,7,5,8,8,8,7,2,4.0,0
498,MelissaTaThomas,9.503511615343056,12,7,15,15,4,4,4,2,7.5,0
499,Sukhmaan,9.503511615343056,9,27,63,68,15,14,12,2,34.0,0
500,YoutubePosts,11.0,2,5,5,5,4,3,2,2,2.5,0
501,hamidhes,3.0,4,3,4,4,2,1,1,2,2.0,0
502,taco_insalata,17.0,1,1,1,1,1,1,1,2,0.5,0
503,LetTheDreamStart,4.0,1,1,1,1,1,1,0,2,0.5,0
504,TheWarLord69,8.0,1,1,1,1,2,1,1,2,0.5,0
505,WineTaxi,9.503511615343056,3,2,7,7,7,3,3,2,3.5,0
506,sleepcareindia,5.0,3,3,22,24,20,12,7,2,12.0,0
507,StuartJ1210,9.503511615343056,1,2,3,4,2,2,2,2,2.0,0
508,4tche2a,9.503511615343056,1,1,1,1,2,2,1,2,0.5,0
509,megaflory,9.503511615343056,1,1,4,4,2,1,1,2,2.0,0
510,brianzeng1999,9.0,8,8,16,17,11,7,5,2,8.5,0
511,AspenxNL,9.0,7,10,27,27,15,11,10,2,13.5,0
512,glynnardskynyrd5469,15.0,2,2,2,2,1,1,1,2,1.0,0
513,KrispyKareemAbduljbr,11.0,3,5,5,5,1,1,1,2,2.5,0
514,Ppacillo,2.0,2,2,2,2,3,2,1,2,1.0,0
515,mic_czech,9.503511615343056,1,1,2,2,1,1,1,2,1.0,0
516,eeeeera,10.0,1,1,1,1,1,1,1,2,0.5,0
517,Kuru2061,8.0,2,1,6,6,2,2,1,2,3.0,0
518,singedpancakes,18.0,1,1,3,4,4,4,4,2,2.0,0
519,MiningEngineerVT,9.0,1,1,1,1,2,1,1,2,0.5,0
520,Bluebear1000,12.0,3,3,111,111,152,111,109,2,55.5,0
521,Atticus118,9.503511615343056,3,5,8,8,7,3,3,2,4.0,0
522,Andre-Roussimoff,8.0,21,5,110,114,39,17,17,527,0.21631878557874762,0
523,Darig0n,14.0,23,20,41,41,10,9,9,184,0.22282608695652173,0
524,Lim92,10.0,1,1,1,1,1,1,1,8,0.125,0
525,austai,17.0,12,9,23,23,9,9,4,244,0.0942622950819672,0
526,tepidstringysemen,14.0,33,32,82,82,19,13,12,689,0.11901306240928883,0
527,tjk1701,8.0,6,26,70,77,18,16,15,52,1.4807692307692308,0
528,retrofl0w,4.0,46,44,80,81,27,24,19,407,0.19901719901719903,0
529,blackangel87,9.503511615343056,21,16,31,31,10,6,6,88,0.3522727272727273,0
530,counttess,8.0,45,11,94,94,43,33,23,272,0.34558823529411764,0
531,ramith1,3.0,4,16,18,19,7,6,5,48,0.3958333333333333,0
532,PapaSmurf_BITCH,8.0,75,20,198,204,77,52,47,212,0.9622641509433962,0
533,Diarykiller,4.0,15,16,27,27,6,4,4,413,0.06537530266343826,0
534,Pixalart,14.0,9,9,13,13,4,2,2,61,0.21311475409836064,0
535,Alucitary,8.0,20,20,82,83,58,24,20,832,0.09975961538461539,0
536,marquisad98,11.0,17,29,54,54,10,9,7,364,0.14835164835164835,0
537,Ryoutarou97,17.0,14,15,20,27,10,5,4,1586,0.017023959646910468,0
538,Kabutus_Crepitus,9.0,24,12,150,150,40,28,20,1407,0.10660980810234541,0
539,realzonder,9.0,8,1,23,23,4,4,3,134,0.17164179104477612,0
540,dennison,5.0,29,25,93,96,28,25,18,811,0.11837237977805179,0
541,MBS_theBau5,16.0,36,47,164,182,74,52,38,133,1.368421052631579,0
542,urika,7.0,4,5,14,14,10,7,7,38,0.3684210526315789,0
543,Nighfallion,9.503511615343056,3,2,3,3,2,2,2,17,0.17647058823529413,0
544,Edge2GG,9.0,2,2,3,3,4,2,2,3,1.0,0
545,curiouscat,6.0,211,14,486,488,457,315,259,140,3.4857142857142858,0
546,rajinwasian,7.0,1,1,1,1,1,1,1,4,0.25,0
547,reticulated_python,8.0,21,17,54,56,28,27,15,983,0.056968463886063074,0
548,Zamoon,8.0,9,8,48,48,33,25,14,106,0.4528301886792453,0
549,jrwhite8,14.0,1,1,1,1,1,1,1,885,0.0011299435028248588,0
550,Sean3ezy,3.0,16,16,145,188,71,62,41,951,0.19768664563617244,0
551,cccbigc,13.0,7,6,8,8,8,4,4,4,2.0,0
