,accountName,uniqueDomains,uniqueSubreddits,uniqueTitles,uniqueSubmissions,top_1,top_2,top_3,uniqueComments,SubmToCommentRatio,label
0,ModitiusFaetaur,3,5,8,8,5,2,2,1,8.0,1
1,DoppleGun,1,13,29,46,19,13,8,1,46.0,1
2,AgaluneMalordred,2,5,8,8,6,5,5,1,8.0,1
3,Amohelang,1,1,1,1,1,0,0,1,1.0,1
4,KulazelKelkree,1,2,5,5,1,1,1,1,5.0,1
5,KularimGaviril,2,4,5,5,1,1,1,1,5.0,1
6,laserathletics,2,3,3,3,1,1,1,1,3.0,1
7,CogelvWhitebinder,1,3,8,8,3,2,2,1,8.0,1
8,GrisidaColak,1,5,9,9,3,3,3,1,9.0,1
9,BludflameMeztirg,1,3,4,4,2,1,1,1,4.0,1
10,Alice_Boginski,4,15,27,28,4,4,3,2,14.0,1
11,Mamigon,1,1,1,1,1,1,1,1,1.0,1
12,Mponeng,1,2,2,2,1,1,1,1,2.0,1
13,DianarinAdorardred,1,1,2,2,3,1,1,1,2.0,1
14,NilkisZargas,2,4,13,13,4,3,3,1,13.0,1
15,Albert_Baldwin,1,1,1,1,1,1,1,1,1.0,1
16,Clawisma,2,17,27,27,9,7,5,4,6.75,1
17,ThorgalenGozil,1,1,1,1,2,2,1,1,1.0,1
18,IronZion17,14,17,54,54,11,8,8,50,1.08,1
19,Maxwel_Terry,281,373,1282,1359,338,318,238,313,4.34185303514377,1
20,petouchoque,1,1,3,4,3,2,2,63,0.06349206349206349,1
21,ZamalynodeThothis,1,3,8,8,2,2,2,1,8.0,1
22,PeriniusDular,3,4,52,56,12,8,8,2,28.0,1
23,UmthDarkfire,1,2,2,2,1,1,1,1,2.0,1
24,mr_clampin,10,8,17,17,6,3,3,20,0.85,1
25,OghmagelvFedora,1,3,7,7,3,3,2,1,7.0,1
26,DelaranaBatius,1,3,6,6,4,2,2,1,6.0,1
27,toffeeathletics,1,1,1,1,1,1,1,1,1.0,1
28,KatusPenadar,1,1,9,9,3,3,2,1,9.0,1
29,rapitangnyy,3,3,38,38,7,5,4,1,38.0,1
30,smollow,1,2,2,2,1,1,1,1,2.0,1
31,Chereese,2,26,37,38,12,11,8,64,0.59375,1
32,WileandraMalhala,1,1,1,1,1,1,1,1,1.0,1
33,LightshadeGardakino,3,10,19,19,5,4,4,1,19.0,1
34,GaranaTobar,1,2,3,3,2,1,1,1,3.0,1
35,picnicshirt,3,3,3,3,1,1,1,1,3.0,1
36,YggkelvZurn,1,1,5,5,2,2,1,1,5.0,1
37,KazishuraTerne,1,3,11,11,4,3,3,1,11.0,1
38,MalasarGholbiris,2,4,10,10,3,2,2,1,10.0,1
39,BurigelvGravelbrew,1,2,10,10,4,2,2,1,10.0,1
40,sugarshoehorn,1,1,1,1,1,1,0,1,1.0,1
41,1488reasons,0,0,0,1,0,0,0,189,0.005291005291005291,1
42,HaroldGarold,1,1,1,1,1,1,1,1,1.0,1
43,brondran,3,18,26,26,8,5,4,14,1.8571428571428572,1
44,KakreeTabar,1,2,9,9,3,1,1,1,9.0,1
45,Kevin_Milner,488,229,2232,2619,630,569,524,285,9.189473684210526,1
46,xameg,1,1,1,1,1,1,1,35,0.02857142857142857,1
47,Fungon,1,3,3,3,1,1,1,1,3.0,1
48,Dazzle6,1,1,1,1,1,1,1,1,1.0,1
49,LeyleynFearlessworm,3,10,37,38,19,8,6,1,38.0,1
50,AriundisVugar,1,4,6,6,4,4,3,1,6.0,1
51,SharpwingChillshape,1,4,4,4,1,1,1,1,4.0,1
52,DalabandisAndroma,1,1,1,1,1,1,1,1,1.0,1
53,Peter_Stevenson1986,15,23,31,35,11,6,5,45,0.7777777777777778,1
54,Mandeyboy,2,4,4,4,1,1,1,1,4.0,1
55,thistleescape,1,1,1,1,1,1,0,1,1.0,1
56,Kutloisiso,1,1,1,1,1,1,1,1,1.0,1
57,SharprunnerAndrolas,3,5,23,23,6,5,4,1,23.0,1
58,CereranaKeath,1,3,9,9,3,3,2,1,9.0,1
59,RexscarNalmekelv,2,2,7,7,3,3,2,1,7.0,1
60,vadro,3,6,7,7,2,1,1,4,1.75,1
61,DoukasaZahelm,1,1,1,1,1,1,1,1,1.0,1
62,Malefane,1,2,3,3,1,1,1,1,3.0,1
63,Aiden_Chuck,1,1,1,1,2,2,1,1,1.0,1
64,HoodieLoodie,1,1,1,1,1,1,1,1,1.0,1
65,KahuginnCerenadar,1,1,3,3,1,1,1,1,3.0,1
66,GhozarIannn,2,2,4,4,2,1,1,1,4.0,1
67,GranilisDogul,2,2,5,5,3,3,2,1,5.0,1
68,TojatMalaron,2,6,16,16,5,3,3,2,8.0,1
69,ErivMalazilkree,6,15,185,195,64,32,32,25,7.8,1
70,harperdaveharper,3,11,81,101,20,11,11,2,50.5,1
71,seatfaith,1,1,1,1,1,1,0,1,1.0,1
72,blackie_jack,6,19,32,37,9,6,5,45,0.8222222222222222,1
73,BagoreZulkihn,1,3,8,9,3,3,2,1,9.0,1
74,TetaurDafyn,2,3,10,11,2,2,2,1,11.0,1
75,AragelvBlackkiller,1,2,7,7,4,3,2,1,7.0,1
76,MargasGranidor,2,17,82,111,28,18,15,5,22.2,1
77,wadeharriot,8,5,15,15,6,6,6,15,1.0,1
78,Deusexmachina112,18,26,97,97,14,12,10,1,97.0,1
79,TebenelBrazragore,2,3,17,17,6,3,3,1,17.0,1
80,LUNACYFREAK,1,2,3,3,1,1,1,1,3.0,1
81,NitaurMaull,2,6,50,55,26,16,13,1,55.0,1
82,FelothisRagegrove,1,4,5,5,2,2,1,1,5.0,1
83,BallardredTholak,1,4,11,11,7,5,4,1,11.0,1
84,NekoraJoJolar,2,6,44,46,11,8,7,1,46.0,1
85,IfiacelMoogutaxe,1,3,15,15,2,2,2,1,15.0,1
86,ZalarGroshakar,1,1,2,2,1,1,1,1,2.0,1
87,moratutu,2,2,2,2,1,1,1,1,2.0,1
88,Hararnir,1,1,1,1,1,1,1,1,1.0,1
89,Solodoto666,1,2,2,2,1,1,1,1,2.0,1
90,men_like,6,37,93,93,21,17,11,48,1.9375,1
91,Alex_Jonathan,4,15,32,32,5,4,3,1,32.0,1
92,SsoncenModifyn,1,1,1,1,1,1,1,1,1.0,1
93,KagrelMauran,1,2,9,9,3,2,2,1,9.0,1
94,MerlinPeregrin,1,1,1,1,1,1,1,3,0.3333333333333333,1
95,VoodoogamiAurilak,5,7,24,24,6,5,5,1,24.0,1
96,crownalbum,1,1,1,1,1,1,0,1,1.0,1
97,Taulou,1,1,1,1,1,1,1,1,1.0,1
98,BeazerneMem,2,8,19,19,8,7,7,1,19.0,1
99,Graham_Quinn,1,1,1,1,1,1,0,1,1.0,1
100,GavinayaBeazefym,1,1,1,1,1,1,1,1,1.0,1
101,Heetmean,2,3,3,3,1,1,1,1,3.0,1
102,FordreranaCordagda,1,2,6,6,3,2,1,1,6.0,1
103,GushicageAgamadi,1,2,7,7,2,2,2,1,7.0,1
104,violinslipper,1,2,2,2,1,1,1,1,2.0,1
105,SnorrySturluson,1,1,4,4,3,3,2,1,4.0,1
106,emilyli,10,10,34,34,8,8,8,4,8.5,1
107,Bugemlon,1,2,2,2,2,1,1,1,2.0,1
108,HelenaFreiy,4,8,8,8,4,3,3,1,8.0,1
109,SalmaranLaihuginn,1,4,10,10,5,4,4,1,10.0,1
110,NY_BLACK_PROTEST,2,2,1,2,2,2,2,1,2.0,1
111,ZukoraTezil,2,5,13,13,6,5,5,1,13.0,1
112,SteelfangMogamand,2,3,4,4,2,2,2,1,4.0,1
113,PeGobei,1,2,4,4,3,2,2,1,4.0,1
114,DalaghmaMajurus,1,2,5,5,2,2,2,1,5.0,1
115,WhatImDoindHere,5,22,151,180,31,18,14,6,30.0,1
116,Heirlow,1,1,1,1,1,1,1,1,1.0,1
117,ThontriusBanos,2,5,43,47,20,10,8,1,47.0,1
118,KigagrelMightrunner,1,1,6,6,3,2,2,1,6.0,1
119,georgepharell,1,1,1,1,1,1,1,1,1.0,1
120,Motlalent,1,2,2,2,1,1,1,1,2.0,1
121,garliccomet,1,1,1,1,1,1,0,1,1.0,1
122,illlolyourtexass,2,2,10,11,3,2,2,1,11.0,1
123,TaushakarGrantrius,2,1,5,5,2,2,1,1,5.0,1
124,UelitheLandagelv,3,16,42,42,17,12,7,12,3.5,1
125,DrelathrisBo,1,2,6,6,3,2,2,1,6.0,1
126,TedarYozshujin,2,6,26,28,6,4,4,1,28.0,1
127,FerdavynaCentrirus,1,3,6,6,3,2,2,1,6.0,1
128,AdoraronDoomworker,1,2,6,6,3,3,2,1,6.0,1
129,King_Andersons,129,154,543,580,130,126,121,326,1.7791411042944785,1
130,shomyo,380,32,1160,1298,374,349,316,404,3.212871287128713,1
131,qkempek,1,1,1,1,1,1,1,1,1.0,1
132,MalalladorSincliff,2,4,29,29,8,5,5,1,29.0,1
133,AxeseekerMightwind,1,4,9,9,5,4,3,1,9.0,1
134,deusXYX,29,28,61,61,17,16,15,337,0.18100890207715134,1
135,CordaronGavinralbin,1,4,5,5,2,1,1,1,5.0,1
136,SouthLoneStar,0,0,0,1,0,0,0,1,1.0,1
137,LGBTUnited,1,1,1,1,1,1,1,1,1.0,1
138,dandy1crown,1,1,1,1,1,1,0,1,1.0,1
139,YggwynZulkigul,1,1,1,1,1,1,1,1,1.0,1
140,bottlehope,1,1,1,1,1,1,0,1,1.0,1
141,BlackToLive,7,14,20,28,22,19,13,3,9.333333333333334,1
142,inkreindeer,1,1,1,1,1,1,0,1,1.0,1
143,CeriusTojajar,1,3,8,8,2,2,2,1,8.0,1
144,AndromajurusAragrel,7,11,51,51,12,7,6,1,51.0,1
145,chriscrossfire,8,7,33,33,9,6,4,2,16.5,1
146,TojasidaSamukree,3,11,26,27,8,7,7,5,5.4,1
147,WOLFEN01,2,6,7,7,2,2,2,1,7.0,1
148,NuaborShaktikasa,2,5,18,18,5,4,3,1,18.0,1
149,Deren777,1,3,3,4,4,2,1,1,4.0,1
150,Maineylops,88,120,406,423,105,84,82,329,1.2857142857142858,1
151,KiririelCebandis,1,3,9,9,3,3,3,1,9.0,1
152,FordreninDalas,1,1,1,1,1,1,1,1,1.0,1
153,BleepThePolice,1,1,1,1,1,1,1,1,1.0,1
154,CererinKarn,1,5,8,8,2,2,2,1,8.0,1
155,foxmeowlder,1,2,2,2,1,1,1,1,2.0,1
156,FaurnFlamebreaker,1,1,1,1,1,1,1,1,1.0,1
157,CeginnFonin,1,4,20,20,7,6,5,1,20.0,1
158,AralisTugis,1,1,1,1,1,1,1,1,1.0,1
159,YozshulkisNighthamm,2,4,6,6,2,2,1,1,6.0,1
160,kuabrush,1,1,1,1,1,1,0,1,1.0,1
161,ThonisIshnlen,1,4,7,8,3,2,2,1,8.0,1
162,AstridRooo,0,0,0,1,0,0,0,1,1.0,1
163,ser005,2,1,2,2,1,1,1,1,2.0,1
164,LandageKador,2,3,8,8,2,2,1,1,8.0,1
165,vsbeats,1,1,1,1,1,1,1,1,1.0,1
166,fergensonk,1,1,2,2,1,1,1,1,2.0,1
167,MAGAing4Trump,1,1,1,1,1,1,1,1,1.0,1
168,Tristen_Sadler,1,3,2,3,1,1,1,1,3.0,1
169,VudonrisMakasa,2,2,2,2,2,1,1,1,2.0,1
170,Gillian0zero0,1,1,1,1,1,1,0,1,1.0,1
171,KanyeBreeze,10,15,47,47,11,8,7,2,23.5,1
172,ModitiusOpirius,3,3,4,4,3,1,1,1,4.0,1
173,NalenTaugami,5,7,10,10,4,2,2,1,10.0,1
174,DarusCege,1,3,5,5,4,3,2,1,5.0,1
175,Abena_Tau,9,20,28,41,16,14,10,1,41.0,1
176,ReggaeBull,8,13,43,43,14,6,6,1,43.0,1
177,AndrorneGavinrage,1,4,7,7,2,2,2,1,7.0,1
178,FreddieGi,1,1,1,1,1,1,1,1,1.0,1
179,ThordibandisHugimat,2,3,12,12,4,3,3,1,12.0,1
180,GoldenbringerTogore,1,2,2,2,2,1,1,1,2.0,1
181,VanecedwaShadowsmith,1,3,3,3,2,1,1,1,3.0,1
182,SadCitizen2016,8,19,19,33,13,11,8,2,16.5,1
183,FoshantBloodstone,2,3,27,27,8,7,7,1,27.0,1
184,VukazahnGardagis,2,8,34,35,14,6,6,1,35.0,1
185,horseeating,1,1,1,1,1,1,1,1,1.0,1
186,SamugoreKekelv,4,7,10,11,5,4,4,13,0.8461538461538461,1
187,MnefymPainmane,2,3,8,8,4,4,4,1,8.0,1
188,fginery,1,2,2,2,2,1,1,1,2.0,1
189,LalhalaGavinradwyn,1,1,3,3,3,2,2,1,3.0,1
190,AgamagelvTozshura,1,8,18,19,12,7,6,1,19.0,1
191,riversailor,3,4,4,4,1,1,1,1,4.0,1
192,MograMarn,2,2,2,2,2,2,2,1,2.0,1
193,GoltijindGoltishura,1,3,4,4,2,2,1,1,4.0,1
194,DelalbineSilvershad,1,3,5,5,4,2,2,1,5.0,1
195,AlsagelvBuriron,4,8,49,49,37,17,15,4,12.25,1
196,IshnranaAnayagrinn,4,5,19,19,9,4,4,1,19.0,1
197,researchbeggar,1,3,4,4,1,1,1,1,4.0,1
198,moluleloa,1,1,1,1,2,1,1,1,1.0,1
199,Anime_Stan,5,12,42,50,6,6,4,3,16.666666666666668,1
200,NualvCordalace,5,9,48,51,17,8,8,1,51.0,1
201,FelhafymDugrel,1,1,1,1,1,1,1,1,1.0,1
202,AmazingBodilyFluids,2,1,2,2,1,1,1,2,1.0,1
203,waeqxd,3,3,8,8,7,2,2,2,4.0,1
204,gordon_br,7,22,68,68,15,14,8,6,11.333333333333334,1
205,BloodwoodArashizrag,1,3,8,8,2,2,1,1,8.0,1
206,rockanda,2,5,5,6,2,2,2,3,2.0,1
207,hyddrox,11,4,17,17,4,3,3,37,0.4594594594594595,1
208,brant_s,5,17,42,46,10,9,8,8,5.75,1
209,SinmoonYggbandis,2,3,10,10,2,2,2,1,10.0,1
210,truckshark,1,1,1,1,1,1,0,1,1.0,1
211,SaberstalkerTygorr,1,1,2,2,2,2,1,1,2.0,1
212,FelorielBalladolore,1,2,2,2,1,1,1,1,2.0,1
213,CewieldZuluhn,1,4,6,7,7,3,2,1,7.0,1
214,MasiusShadowshaper,3,6,11,11,3,2,2,1,11.0,1
215,SailakSamura,3,4,3,5,4,4,2,1,5.0,1
216,Mohato,1,2,3,3,1,1,1,1,3.0,1
217,HellwindShadowbreak,2,5,14,14,4,4,2,1,14.0,1
218,DaFordremand,1,4,12,12,3,3,2,1,12.0,1
219,vsruslan,1,3,3,4,2,1,1,1,4.0,1
220,YggdorKakree,1,3,6,6,2,2,1,1,6.0,1
221,MiraranaMogra,2,10,44,55,13,10,9,4,13.75,1
222,RobbKR,4,6,6,6,2,2,1,1,6.0,1
223,DorothieBell,7,12,26,26,8,3,3,140,0.18571428571428572,1
224,Motlalepule,1,2,2,2,1,1,1,1,2.0,1
225,DipperHummer,1,2,3,3,1,1,1,1,3.0,1
226,RedseekerMami,1,2,7,7,3,2,1,1,7.0,1
227,Winthrop_Clancy,2,2,2,2,1,1,1,1,2.0,1
228,Bill_Jonson,1,1,1,1,1,1,1,1,1.0,1
229,DalahelmFelharil,9,12,28,29,9,7,6,1,29.0,1
230,WilliananLandalsa,2,3,18,18,8,7,4,1,18.0,1
231,hadheart,20,15,36,36,11,6,5,32,1.125,1
232,MalojurusMutus,3,6,23,23,7,6,6,3,7.666666666666667,1
233,GavinraraFonara,1,4,5,5,3,2,2,1,5.0,1
234,sandlerwow,3,4,5,5,2,1,1,1,5.0,1
235,DelanradAgamadwyn,1,5,8,8,6,2,2,1,8.0,1
236,ThorgaghmaLai,1,2,3,3,2,2,1,1,3.0,1
237,QuenceynnTejora,2,3,8,8,3,2,2,1,8.0,1
238,ZuluraGolar,2,1,7,7,2,2,2,1,7.0,1
239,PaulMall112,3,12,13,13,4,2,2,29,0.4482758620689655,1
240,caterpillarclass,1,2,2,2,1,1,1,1,2.0,1
241,VojarAndrorus,2,2,7,7,3,2,2,1,7.0,1
242,MananaraGralsa,2,3,9,10,2,2,2,1,10.0,1
243,clackie,23,21,57,61,13,10,10,22,2.772727272727273,1
244,tishcol,6,32,71,72,10,9,9,8,9.0,1
245,BerskyN,1,2,2,2,1,1,1,1,2.0,1
246,FezilGavinn,1,2,6,6,2,2,2,1,6.0,1
247,toneporter,14,9,26,26,8,5,5,35,0.7428571428571429,1
248,IronwalkerGardred,3,6,29,29,8,6,5,1,29.0,1
249,keklelkek,1,8,19,21,4,4,3,1,21.0,1
250,richwilcom,8,8,13,14,4,3,3,13,1.0769230769230769,1
251,HityndiDutilar,2,4,22,22,4,3,3,1,22.0,1
252,moonreading,1,1,1,1,1,1,0,1,1.0,1
253,IronhammerConjukelv,2,7,16,16,4,3,3,1,16.0,1
254,NilarilOpirim,3,5,16,16,8,5,4,1,16.0,1
255,Lepolesa,1,1,1,1,1,1,1,1,1.0,1
256,RedGov,1,2,2,2,1,1,1,1,2.0,1
257,Peter_Hurst,297,195,1187,1357,335,303,298,222,6.112612612612613,1
258,PurebringerOghmagra,2,2,6,6,3,3,2,1,6.0,1
259,JerrHill,2,13,14,15,2,2,1,26,0.5769230769230769,1
260,Madpood,1,2,2,2,1,1,1,1,2.0,1
261,vsrruslan,2,2,2,2,1,1,0,1,2.0,1
262,jake_browny,1,1,1,1,1,1,1,1,1.0,1
263,JoJouel,2,3,2,3,2,2,2,1,3.0,1
264,AriutusMokazahn,2,6,24,24,15,9,8,1,24.0,1
265,TojasHellwarden,2,3,25,28,5,5,4,1,28.0,1
266,DaytonayenMoranaya,2,3,9,9,4,4,2,1,9.0,1
267,FenrilkreeMolabar,2,3,10,10,4,3,3,1,10.0,1
268,elsie_c,6,16,36,38,8,6,6,4,9.5,1
269,come-true,6,11,34,34,6,4,4,2,17.0,1
270,ZolosidaSpellsinger,1,2,6,6,2,2,1,1,6.0,1
271,CogdaAnayanara,3,4,11,11,6,3,2,1,11.0,1
272,Meek_Mitchel,1,2,2,2,1,1,1,1,2.0,1
273,VuranThordilore,1,2,3,3,1,1,1,1,3.0,1
0,freeknowledgecentre,209,197,1228,1239,301,286,285,179,6.921787709497207,0
1,ceraymer,1,1,1,1,1,1,1,1,1.0,0
2,ccmanga,15,18,27895,35923,6841,4562,2705,13,2763.3076923076924,0
3,MAGAvember_8th,15,2,412,412,264,131,125,1377,0.29920116194626,0
4,69andahafl,11,16,19,19,9,6,4,472,0.04025423728813559,0
5,BluedarkArt,46,103,191,195,166,108,67,1,195.0,0
6,Neeeeple,78,26,416,422,92,92,58,2101,0.2008567348881485,0
7,moinen,4,5,13,13,6,6,4,141,0.09219858156028368,0
8,OMFGMyLittlePony,3,3,3,3,2,1,1,9,0.3333333333333333,0
9,Glichraptor,230,162,1382,1488,233,107,87,3948,0.3768996960486322,0
10,Warrh,8,6,72,72,30,14,13,504,0.14285714285714285,0
11,Dailychilly,4,15,463,467,129,128,73,87,5.367816091954023,0
12,solodropper,2,2,7,7,2,2,2,19,0.3684210526315789,0
13,Bitheral_Gaming,5,5,7,7,2,2,1,122,0.05737704918032787,0
14,dwbenjam,5,6,8,10,6,6,6,171,0.05847953216374269,0
15,mrlnnn,1,1,16,67,62,62,62,74,0.9054054054054054,0
16,newsbeard,4097,5,191156,193207,133042,53375,52515,7,27601.0,0
17,FlyingChange,11,11,14,14,5,4,3,531,0.026365348399246705,0
18,lazy_chaote,2,1,1399,3309,3328,3309,3309,20,165.45,0
19,JackSimpsons,1,1,10,10,8,4,4,14,0.7142857142857143,0
20,Durien9,61,64,213,222,110,63,59,1646,0.13487241798298907,0
21,redlikeazebra,58,23,39785,65984,69089,67202,65223,56,1178.2857142857142,0
22,SabatinoMasala,4,2,10,10,7,6,4,11,0.9090909090909091,0
23,luongdangkhoa,15,12,15,15,4,3,3,7,2.142857142857143,0
24,saintscanucks,83,79,390,396,250,102,91,9368,0.042271562766865924,0
25,bender445,22,28,48,61,18,16,15,355,0.17183098591549295,0
26,shaqman03,2,2,4,4,4,4,4,8,0.5,0
27,OSUBrit,19,4,37,39,13,9,9,948,0.04113924050632911,0
28,SJ548,5,3,27,27,6,4,4,207,0.13043478260869565,0
29,WideEyedEspurr,26,14,105,106,24,11,10,936,0.11324786324786325,0
30,yangxcore,2,2,2,2,1,1,1,8,0.25,0
31,technology_,135,10,141585,144115,41261,37388,20479,8,18014.375,0
32,mommymummy,3,15,447,464,67,57,50,639,0.7261345852895149,0
33,GoldHuman,2,1,3,3,1,1,1,204,0.014705882352941176,0
34,Majestic_Toilet,14,15,21,21,6,6,6,706,0.029745042492917848,0
35,michaelconfoy,541,752,15861,26982,17645,9285,8982,20629,1.3079645159726598,0
36,InsecureTokuNerd,6,25,52,53,10,10,8,69,0.7681159420289855,0
37,nabeelong,23,19,83,84,23,19,18,508,0.16535433070866143,0
38,samprog,48,105,201,217,60,40,36,2532,0.08570300157977884,0
39,detox6,16,16,46,46,4,3,3,26,1.7692307692307692,0
40,dupedupedupe321321,2,3,3,3,2,1,1,1,3.0,0
41,TheloniousMiles,7,3,20,20,12,9,5,130,0.15384615384615385,0
42,LazarusSecondLight,5,6,131,131,106,82,78,237,0.5527426160337553,0
43,DJSkyBG,2,1,3,3,3,2,2,1,3.0,0
44,PatliciousPattyPat,1,1,29,33,19,18,14,71,0.4647887323943662,0
45,Birdlover1233,66,37,154,154,62,45,34,6058,0.025420931000330143,0
46,davidreiss666,231,157,10425,11106,8634,7927,2705,2639,4.2084122773777946,0
47,metaljerk047,32,29,132,132,32,26,25,1664,0.07932692307692307,0
48,ImaBlue,77,5,147157,164013,48549,46796,33232,7,23430.428571428572,0
49,izzray,23,22,330,368,248,123,84,544,0.6764705882352942,0
50,dustcircle2,684,95,3253,3470,1221,794,785,72,48.19444444444444,0
51,Mastershroom,17,20,60,61,26,15,9,4054,0.015046867291563888,0
52,Morrissey2702,18,20,51,52,12,11,7,975,0.05333333333333334,0
53,renteriaha,6,6,6,6,2,2,2,1,6.0,0
54,HinduPepe,121,6,707,720,274,214,202,778,0.9254498714652957,0
55,Meshoooajlan,7,21,197,207,114,72,52,6,34.5,0
56,AmbitionOfPhilipJFry,37,36,70,70,36,31,28,987,0.07092198581560284,0
57,FakeyFaked,47,46,100,101,39,39,20,3450,0.029275362318840578,0
58,HearthstoneCalendar,24,5,6715,7084,3236,3076,2989,21,337.3333333333333,0
59,praxeom,81,82,164,169,61,44,29,1796,0.09409799554565701,0
60,stellersjay,10,10,25,25,15,12,10,278,0.08992805755395683,0
61,wearemotofire,2,15,68,69,9,8,6,6,11.5,0
62,rizonololo,1,1,15,18,7,5,5,3,6.0,0
63,kubu444,2,2,6,6,2,2,1,32,0.1875,0
64,centurythree,22,21,127,128,57,29,28,308,0.4155844155844156,0
65,saosangmo,18,5,25,25,12,11,11,1,25.0,0
66,schlagkasper,1,1,31868,31948,32172,25078,15952,1,31948.0,0
67,FoxyFoxy1987,69,40,154,156,35,13,13,1071,0.14565826330532214,0
68,sumbutt,1,1,1,1,1,1,1,118,0.00847457627118644,0
69,Spcarson05,8,11,18,18,4,2,2,115,0.1565217391304348,0
70,HungryTaco,8,5,9,9,3,3,3,56,0.16071428571428573,0
71,Dostt,7,4,11,11,5,5,2,20,0.55,0
72,SolarMarz,3,2,3,4,2,2,2,1,4.0,0
73,astonishingcamptPc,1,1,1,1,1,1,1,1,1.0,0
74,About_17_ninjas,58,40,249,265,43,30,27,739,0.35859269282814615,0
75,annavovo,5,3,302,305,116,87,68,1,305.0,0
76,cinenet3,1,1,1,1,1,1,1,1,1.0,0
77,-WhiskeyTangoFoxtrot,2,2,3,3,1,1,1,12,0.25,0
78,gsurfer04,152,36,674,679,322,184,134,16166,0.04200173203018681,0
79,Zerb_Games,10,10,14,15,4,3,3,32,0.46875,0
80,BitcoinAll,625,6,3298,3416,2785,1102,1006,3050,1.12,0
81,ohnoletsgo,5,4,5,5,2,2,1,222,0.02252252252252252,0
82,keigisimpdebyba,1,1,1,1,2,1,1,1,1.0,0
83,TheBloodWitch,37,42,96,96,28,24,18,556,0.17266187050359713,0
84,Perri0010,39,57,149,153,37,18,15,875,0.17485714285714285,0
85,ozzyfest25,2,2,3,3,1,1,1,5,0.6,0
86,curiouscat,211,14,486,488,457,315,259,140,3.4857142857142858,0
87,Devpressed,1,1,1,1,2,2,1,1,1.0,0
88,ayatollahabtin,5,4,43,43,9,9,6,193,0.22279792746113988,0
89,kd7uiy,22,21,94,101,59,47,44,289,0.3494809688581315,0
90,anoldenemy1,3,3,147,216,97,83,80,536,0.40298507462686567,0
91,Stealthless,36,34,252,290,91,72,70,2934,0.09884117246080436,0
92,paaysr,2,2,22,24,7,4,3,3,8.0,0
93,UnicycleMafia,16,21,46,47,28,12,12,119,0.3949579831932773,0
94,JPL85,1,1,1,1,1,1,1,1,1.0,0
95,akunnaila,19,4,192,192,108,92,50,1,192.0,0
96,BigHatNoCattle,7,6,17,17,3,2,2,1088,0.015625,0
97,martinfphipps,503,291,2369,7220,679,345,304,3609,2.00055417013023,0
98,astrologergaur,1,8,20,20,5,5,4,1,20.0,0
99,OptioMkIX,34,19,404,404,387,282,256,1448,0.27900552486187846,0
100,mobius_sp,16,8,27,27,11,9,8,2386,0.011316010058675607,0
101,6RatStaR9,1,1,3,3,3,2,2,24,0.125,0
102,SpykeMH,4,1,30,30,5,5,5,1174,0.02555366269165247,0
103,embracetehmartian,6,8,10,10,4,3,3,52,0.19230769230769232,0
104,Vailhem,1853,511,10524,14249,4737,3638,2934,2148,6.633612662942272,0
105,Cdubsta,4,4,25,26,18,16,16,447,0.058165548098434,0
106,Shade08,9,8,33,33,10,8,5,431,0.0765661252900232,0
107,AmiiboCouple4,4,5,17,22,17,10,7,146,0.1506849315068493,0
108,TimmyHate,16,14,26,26,5,4,4,559,0.046511627906976744,0
109,hooger0000,14,24,30,31,19,8,8,38,0.8157894736842105,0
110,sinuspanic,1,1,1,1,1,1,1,1,1.0,0
111,tjk1701,6,26,70,77,18,16,15,52,1.4807692307692308,0
112,NewAirCo,3,6,9,9,5,4,3,3,3.0,0
113,chinawat,287,18,741,759,376,204,204,2907,0.26109391124871,0
114,tito333,1524,78,15623,16158,4471,3916,3074,10160,1.5903543307086614,0
115,CinematicCharm,17,11,28,28,7,5,3,94,0.2978723404255319,0
116,curigcorgis,9,4,42,42,21,11,11,625,0.0672,0
117,ilummynation,4,43,48,82,42,31,25,1,82.0,0
118,Obeybrandon,6,4,11,12,6,3,3,93,0.12903225806451613,0
119,Taylorezbc,1,1,1,1,2,2,2,1,1.0,0
120,ell_computer,1453,3,290793,300209,95418,71773,58868,14,21443.5,0
121,LuaKT,811,5,30175,30374,13791,10145,8019,306,99.26143790849673,0
122,matjaus,4,4,17,17,6,5,4,52,0.3269230769230769,0
123,dwa7ebv,1,1,1,1,2,1,1,1,1.0,0
124,FrostbittenChipmunk,6,6,10,10,4,2,2,41,0.24390243902439024,0
125,Atrulyoriginalname,13,12,22,22,5,5,4,166,0.13253012048192772,0
126,hatterkiller,62,48,153,155,38,25,24,643,0.2410575427682737,0
127,Sherpadesk15,27,11,29,152,81,57,53,1,152.0,0
128,MSG_Whitegoat,5,4,10,10,2,2,2,71,0.14084507042253522,0
129,Defenestrationism,54,43,140,141,67,66,63,2288,0.06162587412587413,0
130,Kdwn,11,11,12,12,3,3,3,64,0.1875,0
131,EagleRepellent,6,5,11,11,3,2,2,24,0.4583333333333333,0
132,trying_2_hang,1,1,1,1,1,1,1,1,1.0,0
133,solipsistnation,21,29,92,92,13,13,12,2928,0.031420765027322405,0
134,BurtonDesque,130,24,3673,5703,2152,1920,1298,9061,0.6294007283964242,0
135,ensaladin,1,1,1,1,1,1,1,22,0.045454545454545456,0
136,Letterbox10,9,7,22005,22111,21979,18452,3851,34,650.3235294117648,0
137,jakefratelli,4,46,1132,3976,676,372,352,43,92.46511627906976,0
138,aishiteryu,1,1,1,1,1,1,1,9,0.1111111111111111,0
139,YepImanEmokid,14,11,30,30,8,5,4,5818,0.005156411137848058,0
140,dommyBoy13,7,7,11,12,6,5,4,1023,0.011730205278592375,0
141,sekoitoilet,235,50,1045,1051,32,27,18,2558,0.4108678655199374,0
142,alonso_tamayo,3,3,12,12,5,5,4,22,0.5454545454545454,0
143,ikillforwork,5,5,21,21,13,12,8,71,0.29577464788732394,0
144,77T7,25,14,59,61,23,16,12,19,3.210526315789474,0
145,Ragin33Redhead,1,12,33,40,9,6,6,7,5.714285714285714,0
146,awenga21,211,87,1181,1182,299,283,217,471,2.5095541401273884,0
147,Neo_Shade,1,1,5,5,2,2,1,87,0.05747126436781609,0
148,AncientAstronauts,32,23,113169,113341,185054,183849,47137,100,1133.41,0
149,cos,279,115,947,1004,600,342,340,1509,0.6653412856196156,0
150,Dr_Emmet_Brown,18,31,107,108,36,28,26,854,0.12646370023419204,0
151,phman79,10,6,209290,241593,54192,46033,45050,1,241593.0,0
152,kyriare,11,11,12,22,22,10,10,56,0.39285714285714285,0
153,OncomingStorm93,10,24,40,41,16,11,11,328,0.125,0
154,Halojonny,7,7,10,10,3,3,3,46,0.21739130434782608,0
155,THEDARKNIGHT485,16,15,44,45,36,24,23,124,0.3629032258064516,0
156,Cutun,7,3,63,63,12,8,5,1,63.0,0
157,LQQKAGN,13,12,24,24,7,6,4,64,0.375,0
158,csparker,2,3,3,3,4,2,2,12,0.25,0
159,Ralax98,4,1,10,12,2,2,2,19,0.631578947368421,0
160,candymanonlol,13,8,44,45,8,7,6,107,0.4205607476635514,0
161,VelvetFog82,1,1,9,9,4,4,4,1411,0.0063784549964564135,0
162,techontarget,6,7,16,16,5,3,3,62,0.25806451612903225,0
163,Johanimoe,15,14,19,19,8,5,4,105,0.18095238095238095,0
164,Laundry_Hurricane,10,24,64,76,32,25,21,223,0.34080717488789236,0
165,pseph2016,4,4,4,4,9,6,5,1,4.0,0
166,Josephrle,13,3,21,21,4,4,3,1,21.0,0
167,BatmanDracula,114,100,585,770,606,334,310,696,1.1063218390804597,0
168,_neurotoxin_,16,14,82,83,25,17,14,3176,0.026133501259445843,0
169,yurifoi,2,1,2,2,1,1,1,5,0.4,0
170,Reclaimer2511,8,8,14,14,5,4,4,18,0.7777777777777778,0
171,Blogohomiz,9,8,11,11,8,5,2,23,0.4782608695652174,0
172,teatowel_chicken,6,24,52,52,10,9,8,265,0.19622641509433963,0
173,Skyhigh95,14,14,19,19,4,4,3,33,0.5757575757575758,0
174,kabir_chaudhary,1,1,1,1,2,2,2,1,1.0,0
175,ronswansonsmuse,18,13,33,33,15,12,10,62,0.532258064516129,0
176,ILoveMomsTits,3,3,33,39,34,13,10,1,39.0,0
177,dylanna,82,65,603,603,240,125,102,5228,0.11534047436878347,0
178,sandman2330,19,21,37,38,9,8,8,993,0.038267875125881166,0
179,Aurorabeamblast,29,29,59,61,38,22,18,659,0.09256449165402124,0
180,Subherbs,5,5,13,15,8,7,5,9,1.6666666666666667,0
181,CGunZ56,2,2,13,13,13,8,8,7,1.8571428571428572,0
182,ishgardianscrub,94,84,389,420,129,104,80,4085,0.10281517747858017,0
183,SorenBreese,1,1,1,1,2,1,1,2,0.5,0
184,theodorAdorno,23,17,55,55,32,29,26,1864,0.029506437768240343,0
185,theirmoss,25,11,201,201,87,72,59,661,0.3040847201210287,0
186,teachMe,17,18,148,148,56,35,18,326,0.4539877300613497,0
187,transpostmeta,37,3,24725,51590,55301,50894,31213,188,274.4148936170213,0
188,Cooperklebba,296,10,819,828,209,92,86,2324,0.35628227194492257,0
189,DallasHam,20,18,30,31,11,8,8,236,0.13135593220338984,0
190,Hamburgo,16,15,23,23,8,7,5,555,0.04144144144144144,0
191,shakemmz,5,4,11,11,6,5,4,183,0.060109289617486336,0
192,schmidtkdp49616,15,1,15,15,5,4,4,1,15.0,0
193,missgreenbird16,75,10,111,111,114,93,72,18,6.166666666666667,0
194,HerDemimonde,12,12,110,110,75,49,33,233,0.4721030042918455,0
195,MustangDuvall,20,21,119,122,47,37,29,1018,0.11984282907662082,0
196,Macklux,5,3,5,5,2,1,1,169,0.029585798816568046,0
197,Cpt_Crunch152,1,1,1,1,1,1,1,9,0.1111111111111111,0
198,KaminariGuitar,6,18,40,55,42,38,23,4,13.75,0
199,Asddsa76,24,27,45,45,29,13,11,1251,0.03597122302158273,0
200,shawly,38,38,68,69,18,13,12,419,0.16467780429594273,0
201,chrispdx,53,52,149,151,81,26,24,3688,0.04094360086767896,0
202,navsandhar,5,13,63,65,25,11,10,1,65.0,0
203,tepidstringysemen,33,32,82,82,19,13,12,689,0.11901306240928883,0
204,Jaycko33,9,6,66,66,23,13,10,66,1.0,0
205,ThalionStallion,4,10,191,592,240,193,190,71,8.338028169014084,0
206,RennaKirisame,5,5,6,6,3,2,1,8,0.75,0
207,Foeee,2,2,298,493,314,263,218,1330,0.3706766917293233,0
208,Bigdong884,10,10,55,57,51,42,41,50,1.14,0
209,Steas,2,19,152,161,6,6,5,65,2.476923076923077,0
210,odrade1,3,3,4,4,3,2,2,34,0.11764705882352941,0
211,ALTInsider,6,6,8,8,5,2,2,41,0.1951219512195122,0
212,daddydale_,5,91,173,273,52,44,37,6,45.5,0
213,apkdownload,2,1,63570,63644,64164,2718,2510,1,63644.0,0
214,logosfabula,41,44,62,62,12,10,8,239,0.2594142259414226,0
215,rapboy01,1,2,7,7,2,2,2,1,7.0,0
216,NathanJPC,5,5,8,8,3,3,2,38,0.21052631578947367,0
217,BoneyTee,33,17,62,62,15,13,13,1202,0.051580698835274545,0
218,CacingNaga,19,8,8338,11156,10442,10416,8116,1,11156.0,0
219,BFGSkittles,16,10,55,55,17,12,9,1059,0.05193578847969783,0
220,rreyes723,4,4,8,9,5,5,5,7,1.2857142857142858,0
221,Seikatsuchan,4,4,7,7,2,2,2,28,0.25,0
222,VoidNoodle,4,3,7,7,3,2,2,193,0.03626943005181347,0
223,whymauri,19,19,30,36,8,5,5,990,0.03636363636363636,0
224,lvav68,2,3,3,3,1,1,1,226,0.01327433628318584,0
225,Starving_Poet,12,9,18,18,4,2,2,1764,0.01020408163265306,0
226,OyeSimpson,45,19,136,146,52,30,28,394,0.37055837563451777,0
227,styleez,2,2,3,3,2,1,1,238,0.012605042016806723,0
228,Yetkinler,37,48,493,498,190,143,99,3961,0.12572582681141126,0
229,macsrcs,2,9,1336,1336,1018,226,156,1,1336.0,0
230,sayitlikeaGoodGirl,149,32,985,988,275,134,130,160,6.175,0
231,MaaloulaResident_,10,5,15,15,11,5,5,423,0.03546099290780142,0
232,ssl28,1,1,1,1,1,1,1,2,0.5,0
233,shrikantrane19,7,36,95,96,91,75,73,1,96.0,0
234,Electrivire,85,87,236,240,132,94,59,1706,0.1406799531066823,0
235,MadAL96,3,7,20,20,6,5,3,21,0.9523809523809523,0
236,Akanan,27,27,245,248,42,40,37,3857,0.06429867772880477,0
237,rotoreuters,51,2,298813,306939,102189,87215,66091,1,306939.0,0
238,Omega43-j,14,14,29,29,11,8,8,269,0.10780669144981413,0
239,devinrite49,1,1,46,46,44,44,35,1,46.0,0
240,propshaft,591,29,6273,7514,2636,2002,1760,5281,1.4228365839803068,0
241,mia_donowan,3,10,12,23,11,11,8,4,5.75,0
242,Kingrazor22,4,4,23,23,19,10,9,31,0.7419354838709677,0
243,KittyWantsFun,5,4,15,17,7,7,7,146,0.11643835616438356,0
244,mariuolo,25,15,30,30,7,5,4,1818,0.0165016501650165,0
245,jonpak,6,6,7,7,3,2,2,57,0.12280701754385964,0
246,halpisforgotten,29,27,70,71,29,21,19,203,0.3497536945812808,0
247,mar10wright,10,48,116,119,30,28,26,2353,0.05057373565660858,0
248,Mordenn,19,19,49,49,32,24,20,233,0.21030042918454936,0
249,dynetix,1,1,5,6,6,5,3,114,0.05263157894736842,0
250,redacted187,38,58,74,77,26,11,10,2115,0.03640661938534279,0
251,Indra-Varuna,491,34,5539,8200,7417,3231,2809,2085,3.932853717026379,0
252,gamafreak,2,2,4,4,2,2,2,2,2.0,0
253,clydethefrog,143,109,325,337,165,93,76,1769,0.19050310910118712,0
254,d1t017,8,4,17,17,11,6,6,728,0.023351648351648352,0
255,Quidditch3,31,15,245,245,97,47,43,4941,0.049585104229912975,0
256,_kate_b,20,74,187,187,74,56,46,226,0.827433628318584,0
257,Belledame-sans-Serif,985,126,1801,1853,1818,295,148,1181,1.5690093141405588,0
258,ujames,7,6,150,299,226,94,80,469,0.6375266524520256,0
259,LegendaryKoi,9,8,61,61,15,13,9,838,0.07279236276849642,0
260,Bestintheworld434,2,8,8,8,5,3,3,75,0.10666666666666667,0
261,Ougaa,8,6,21,21,7,4,3,1569,0.01338432122370937,0
262,wifeshare_throwaway,1,4,18,26,12,8,7,17,1.5294117647058822,0
263,gdan95,79,45,200,204,70,33,32,652,0.3128834355828221,0
264,thelmgslayer,13,14,80,81,38,31,25,689,0.11756168359941944,0
265,Zeroprotons,3,3,3,3,1,1,1,47,0.06382978723404255,0
266,Pliniomonkey,1,1,1,1,1,1,1,2,0.5,0
267,Amasero,45,33,340,344,57,54,37,4904,0.0701468189233279,0
268,0x3642,3,2,183794,184039,2,2,2,59,3119.3050847457625,0
269,LunaFish1975,10,11,13,13,2,2,2,53,0.24528301886792453,0
270,strikervulsine,22,22,76,90,26,15,14,3965,0.02269861286254729,0
271,dogcomplex,13,13,31,31,7,6,5,529,0.05860113421550094,0
272,notaflyingpotato,45,32,230,236,170,95,68,2732,0.08638360175695461,0
273,69Turtles,6,70,167,3313,1988,1756,1253,33,100.39393939393939,0
274,bland12,17,15,30,30,8,5,5,567,0.05291005291005291,0
275,Zenithas,1,1,1,1,1,1,1,11,0.09090909090909091,0
276,AnonymousINTJ,1,1,1,1,1,1,1,1,1.0,0
277,waxds7,23,15,1838,6290,11260,6481,6326,690,9.115942028985508,0
278,Rubin987,17,17,81,81,36,15,12,166,0.4879518072289157,0
279,pure_rage378,1,1,73,102,102,33,31,62,1.6451612903225807,0
280,Burbwalker,5,5,25,25,11,11,10,246,0.1016260162601626,0
281,dallasdarling,74,57,108,108,54,43,35,6457,0.016726033761808888,0
282,LM_Walrus,20,41,108,122,19,16,12,232,0.5258620689655172,0
283,Miss-Omnibus,54,46,512,520,202,175,162,5070,0.10256410256410256,0
284,romypoul,9,2,18,19,12,11,10,1,19.0,0
285,bocyogl,8,6,110,202,156,65,61,1514,0.1334214002642008,0
286,x_randomsghost,5,5,14,14,6,6,5,108,0.12962962962962962,0
287,spaceblogs,34,1,13079,13174,2926,2680,2663,1,13174.0,0
288,reticulated_python,21,17,54,56,28,27,15,983,0.056968463886063074,0
289,BumblebeeBingo,10,15,23,23,4,3,3,29,0.7931034482758621,0
290,tygth,2,1,14,14,3,2,2,33,0.42424242424242425,0
291,Laocedric16,28,25,131,132,83,52,32,238,0.5546218487394958,0
292,unremovable,2,1,68309,69905,49361,36385,29104,8,8738.125,0
293,TheRaiBoi97,12,7,109,109,49,24,18,1004,0.10856573705179283,0
294,WtfuckKoby,3,3,5,5,2,2,2,14,0.35714285714285715,0
295,Mianihtesham,4,5,78,86,64,61,28,1,86.0,0
296,Baihudragon,3,2,5,5,3,2,2,407,0.012285012285012284,0
297,alypigcahighve,1,1,1,1,1,1,1,1,1.0,0
298,spoonfedkyle,25,25,58,59,24,12,9,1587,0.037177063642092,0
299,PedroSmite,1,1,2,2,2,2,1,5,0.4,0
300,OneWhoDiesEVERYTIME,6,5,8,8,4,2,2,104,0.07692307692307693,0
301,Imanagedmischief,17,12,54,54,38,30,25,255,0.21176470588235294,0
302,Broken_Slinky,14,14,24,24,6,5,5,185,0.12972972972972974,0
303,Neo_Blue_68,1,1,6,6,6,5,4,8,0.75,0
304,KellyStrack,2,11,133,133,62,46,39,1,133.0,0
305,babou_2,3,3,9,9,2,2,1,61,0.14754098360655737,0
306,MullenMan,8,12,16,17,3,3,3,25,0.68,0
307,mafia16,8,6,10,10,5,4,3,118,0.0847457627118644,0
