,author,created,submissions,comments,daily_downtime
0,Ragin33Redhead,2013-04-27 02:45:01+00:00,40,7,15.0
1,OncomingStorm93,2012-12-01 17:49:21+00:00,41,328,9.0
2,SorenBreese,2015-02-21 08:52:48+00:00,1,2,9.503511615343056
4,ujames,2012-11-13 14:06:26+00:00,299,469,20.0
8,bender445,2011-10-18 21:21:08+00:00,61,355,10.0
9,KellyStrack,2015-11-02 17:26:44+00:00,133,0,7.0
10,MadAL96,2015-11-27 01:54:45+00:00,20,21,5.0
11,BFGSkittles,2015-12-24 22:31:39+00:00,55,1059,16.0
12,MSG_Whitegoat,2015-02-26 19:08:12+00:00,10,71,8.0
13,candymanonlol,2015-12-01 08:35:52+00:00,45,107,19.0
14,Bitheral_Gaming,2015-04-24 06:50:16+00:00,7,122,8.0
19,GoldHuman,2016-03-30 11:22:26+00:00,3,204,5.0
21,Broken_Slinky,2012-04-27 03:25:32+00:00,24,185,16.0
23,paaysr,2015-03-10 04:05:52+00:00,24,3,11.0
26,Blogohomiz,2013-02-12 05:36:45+00:00,11,23,14.0
27,InsecureTokuNerd,2016-03-05 23:00:09+00:00,53,69,9.0
28,_kate_b,2015-07-13 10:59:01+00:00,187,226,15.0
29,Aurorabeamblast,2013-02-25 04:59:40+00:00,61,659,19.0
30,kabir_chaudhary,2016-08-09 06:15:35+00:00,1,0,9.503511615343056
34,FrostbittenChipmunk,2014-11-23 15:03:22+00:00,10,41,19.0
37,DallasHam,2015-07-09 23:55:02+00:00,31,236,10.0
38,69andahafl,2013-06-04 03:11:22+00:00,19,472,8.0
39,nabeelong,2014-02-13 04:12:33+00:00,84,508,14.0
40,THEDARKNIGHT485,2015-10-16 17:30:03+00:00,45,124,11.0
41,x_randomsghost,2014-12-06 22:34:54+00:00,14,108,3.0
42,Skyhigh95,2014-10-03 04:46:56+00:00,19,33,10.0
43,RennaKirisame,2014-07-15 00:59:10+00:00,6,8,9.0
44,embracetehmartian,2012-02-11 05:54:08+00:00,10,52,9.0
45,Laocedric16,2014-05-22 11:55:45+00:00,132,238,4.0
47,Cutun,2015-07-26 10:54:24+00:00,63,1,2.0
48,JackSimpsons,2016-06-09 00:05:50+00:00,10,14,8.0
49,TheBloodWitch,2014-11-13 02:14:34+00:00,96,556,9.0
50,SolarMarz,2016-01-29 21:27:55+00:00,4,1,9.503511615343056
51,MaaloulaResident_,2015-05-21 21:59:02+00:00,15,423,11.0
52,PatliciousPattyPat,2015-12-17 11:20:56+00:00,33,71,2.0
53,sumbutt,2013-05-22 22:46:16+00:00,1,118,9.0
54,moinen,2011-04-11 23:55:37+00:00,13,141,4.0
55,Dostt,2015-04-05 04:07:39+00:00,11,20,10.0
56,VelvetFog82,2015-06-01 01:39:18+00:00,9,1411,9.0
58,Zenithas,2012-10-21 03:11:39+00:00,1,11,5.0
60,EagleRepellent,2012-07-09 21:54:24+00:00,11,24,3.0
61,Zerb_Games,2015-05-01 03:50:28+00:00,15,32,12.0
62,lvav68,2013-10-20 21:34:23+00:00,3,226,11.0
63,Cpt_Crunch152,2016-08-07 05:34:36+00:00,1,9,12.0
65,trying_2_hang,2016-10-03 18:51:47+00:00,1,1,9.503511615343056
66,77T7,2015-03-03 04:23:57+00:00,61,19,9.0
67,LazarusSecondLight,2013-09-03 04:14:47+00:00,131,237,11.0
68,ikillforwork,2014-04-20 14:13:47+00:00,21,71,9.0
71,Pliniomonkey,2015-02-02 05:16:26+00:00,1,2,9.503511615343056
73,OSUBrit,2013-01-24 00:58:34+00:00,39,948,12.0
74,Steas,2014-12-15 05:55:36+00:00,161,65,11.0
76,tjk1701,2012-03-02 18:58:50+00:00,77,52,8.0
77,pure_rage378,2016-04-10 00:45:02+00:00,102,62,7.0
78,halpisforgotten,2015-04-25 10:14:30+00:00,71,203,6.0
79,LM_Walrus,2013-12-30 12:52:53+00:00,122,232,2.0
80,pseph2016,2016-10-29 14:32:02+00:00,4,0,9.503511615343056
81,ronswansonsmuse,2015-05-19 12:06:34+00:00,33,62,7.0
82,centurythree,2015-12-29 20:37:44+00:00,128,308,8.0
84,Majestic_Toilet,2012-07-26 05:43:03+00:00,21,706,11.0
85,FlyingChange,2013-06-28 22:29:30+00:00,14,531,10.0
86,TheloniousMiles,2016-10-22 06:35:21+00:00,20,130,8.0
87,ThalionStallion,2015-11-28 17:43:11+00:00,592,71,10.0
90,rizonololo,2015-11-05 17:19:03+00:00,18,3,5.0
91,ssl28,2015-04-08 05:01:12+00:00,1,2,9.503511615343056
92,shakemmz,2012-11-16 04:20:16+00:00,11,183,9.0
94,NathanJPC,2014-07-02 20:48:30+00:00,8,38,3.0
95,akunnaila,2016-04-08 02:26:05+00:00,192,0,15.0
96,Bestintheworld434,2014-02-26 16:16:06+00:00,8,75,7.0
97,TheRaiBoi97,2014-07-23 21:55:17+00:00,109,1004,9.0
98,shaqman03,2015-03-17 06:35:39+00:00,4,8,10.0
99,alypigcahighve,2015-11-28 07:18:34+00:00,1,0,9.503511615343056
101,hatterkiller,2015-03-03 08:05:52+00:00,155,643,19.0
103,Baihudragon,2015-12-02 11:10:46+00:00,5,407,3.0
104,izzray,2013-11-18 03:54:07+00:00,368,544,17.0
105,Imanagedmischief,2013-12-01 18:56:15+00:00,54,255,8.0
106,dommyBoy13,2012-08-30 23:02:33+00:00,12,1023,8.0
107,keigisimpdebyba,2015-12-02 20:04:04+00:00,1,0,9.503511615343056
108,Dr_Emmet_Brown,2010-09-20 03:56:17+00:00,108,854,7.0
109,LQQKAGN,2014-12-01 23:58:05+00:00,24,64,12.0
110,alonso_tamayo,2014-11-07 02:59:15+00:00,12,22,10.0
111,ILoveMomsTits,2015-08-11 06:07:13+00:00,39,1,14.0
112,Shade08,2011-04-16 15:35:53+00:00,33,431,10.0
113,Asddsa76,2012-10-03 21:36:31+00:00,45,1251,4.0
115,Bigdong884,2016-07-09 17:26:47+00:00,57,50,10.0
116,rapboy01,2016-01-14 18:45:28+00:00,7,0,9.503511615343056
117,missgreenbird16,2015-05-23 08:54:53+00:00,111,18,3.0
118,Josephrle,2015-06-22 06:35:38+00:00,21,0,17.0
120,techontarget,2015-09-04 20:07:51+00:00,16,62,12.0
122,bocyogl,2014-07-31 14:34:18+00:00,202,1514,20.0
123,kd7uiy,2013-07-03 02:24:15+00:00,101,289,7.0
124,Perri0010,2014-01-24 09:45:00+00:00,153,875,2.0
127,Obeybrandon,2014-11-11 14:12:06+00:00,12,93,16.0
128,BumblebeeBingo,2016-10-18 18:45:27+00:00,23,29,4.0
129,ensaladin,2015-12-08 14:22:23+00:00,1,22,7.0
133,curigcorgis,2015-02-05 21:06:29+00:00,42,625,9.0
134,Neo_Shade,2016-01-22 14:28:19+00:00,5,87,3.0
137,dogcomplex,2011-12-14 09:57:27+00:00,31,529,14.0
138,Subherbs,2014-06-01 22:56:21+00:00,15,9,9.0
140,KaminariGuitar,2015-02-28 09:02:31+00:00,55,4,2.0
141,schmidtkdp49616,2015-05-27 14:46:28+00:00,15,0,9.0
142,dwa7ebv,2015-10-10 08:22:01+00:00,1,0,9.503511615343056
143,astrologergaur,2016-09-08 04:18:35+00:00,20,0,17.0
144,kyriare,2015-10-03 23:36:23+00:00,22,56,9.0
145,Kingrazor22,2013-02-11 06:32:16+00:00,23,31,11.0
146,navsandhar,2015-09-20 21:23:48+00:00,65,0,12.0
148,Jaycko33,2016-04-11 12:11:10+00:00,66,66,4.0
149,VoidNoodle,2013-09-05 15:32:20+00:00,7,193,20.0
150,curiouscat,2005-11-26 05:00:00+00:00,488,140,6.0
151,babou_2,2014-12-23 06:46:42+00:00,9,61,8.0
152,Reclaimer2511,2015-08-28 00:26:15+00:00,14,18,17.0
153,Hamburgo,2015-07-15 13:26:53+00:00,23,555,19.0
154,sinuspanic,2016-01-27 02:39:54+00:00,1,0,9.503511615343056
156,saosangmo,2012-09-04 08:51:59+00:00,25,0,16.0
157,styleez,2011-12-04 22:33:25+00:00,3,238,10.0
158,CinematicCharm,2014-06-28 05:21:24+00:00,28,94,13.0
159,dupedupedupe321321,2015-09-23 07:21:49+00:00,3,1,9.503511615343056
161,luongdangkhoa,2016-03-04 05:30:15+00:00,15,7,4.0
163,DJSkyBG,2016-10-28 19:34:31+00:00,3,0,9.503511615343056
165,jonpak,2011-05-13 02:07:55+00:00,7,57,11.0
166,Taylorezbc,2015-09-08 03:31:05+00:00,1,0,9.503511615343056
167,OyeSimpson,2015-10-29 05:35:36+00:00,146,394,13.0
168,astonishingcamptPc,2015-10-28 09:52:22+00:00,1,0,9.503511615343056
169,Sherpadesk15,2015-07-31 11:06:47+00:00,152,0,17.0
171,Mordenn,2011-11-17 06:50:01+00:00,49,233,14.0
172,SJ548,2012-08-07 21:04:10+00:00,27,207,7.0
173,Morrissey2702,2015-08-03 05:04:44+00:00,52,975,9.0
175,KittyWantsFun,2015-12-30 03:54:34+00:00,17,146,8.0
176,Foeee,2016-01-26 03:16:05+00:00,493,1330,8.0
177,yurifoi,2015-10-17 17:27:46+00:00,2,5,9.503511615343056
178,MAGAvember_8th,2016-10-15 14:11:28+00:00,412,1377,9.0
179,Atrulyoriginalname,2014-05-13 11:50:17+00:00,22,166,9.0
180,Kdwn,2012-07-15 03:56:41+00:00,12,64,11.0
181,devinrite49,2016-10-15 16:25:08+00:00,46,0,3.0
182,dwbenjam,2013-10-22 23:20:48+00:00,10,171,9.0
183,ozzyfest25,2015-06-11 23:15:05+00:00,3,5,9.503511615343056
184,logosfabula,2010-07-14 09:18:24+00:00,62,239,4.0
185,mia_donowan,2015-09-03 18:12:00+00:00,23,4,6.0
186,OneWhoDiesEVERYTIME,2015-06-20 07:57:54+00:00,8,104,19.0
188,Devpressed,2016-07-03 17:38:53+00:00,1,1,9.503511615343056
189,kubu444,2013-08-15 16:03:18+00:00,6,32,5.0
190,Omega43-j,2016-04-13 04:16:35+00:00,29,269,9.0
192,ceraymer,2012-07-07 16:53:36+00:00,1,1,9.503511615343056
193,sandman2330,2012-02-18 22:19:02+00:00,38,993,10.0
195,OMFGMyLittlePony,2016-10-09 02:30:48+00:00,3,9,17.0
198,Cdubsta,2014-11-19 20:02:20+00:00,26,447,7.0
200,annavovo,2015-05-08 03:18:05+00:00,305,0,16.0
201,CGunZ56,2014-10-30 16:11:19+00:00,13,7,6.0
202,Mianihtesham,2016-09-23 10:07:49+00:00,86,1,3.0
203,tygth,2016-06-22 07:42:53+00:00,14,33,11.0
204,ayatollahabtin,2016-01-14 19:10:06+00:00,43,193,4.0
205,Burbwalker,2016-03-25 19:00:04+00:00,25,246,8.0
206,Ougaa,2012-07-20 11:13:40+00:00,21,1569,9.0
207,About_17_ninjas,2015-10-04 18:34:23+00:00,265,739,2.0
208,spoonfedkyle,2011-07-19 23:43:06+00:00,59,1587,10.0
210,detox6,2015-05-30 20:14:52+00:00,46,26,7.0
211,AmbitionOfPhilipJFry,2009-09-08 23:00:49+00:00,70,987,7.0
212,renteriaha,2016-05-12 11:03:17+00:00,6,0,9.503511615343056
213,hooger0000,2012-09-28 05:33:47+00:00,31,38,13.0
215,stellersjay,2014-04-23 14:52:02+00:00,25,278,4.0
216,mrlnnn,2015-02-15 19:14:07+00:00,67,74,20.0
219,HinduPepe,2016-10-16 00:37:27+00:00,720,778,6.0
220,Neo_Blue_68,2015-06-21 18:07:02+00:00,6,8,5.0
221,LegendaryKoi,2014-10-26 17:19:56+00:00,61,838,9.0
222,SabatinoMasala,2012-04-16 15:55:05+00:00,10,11,3.0
223,Laundry_Hurricane,2015-01-29 16:05:58+00:00,76,223,9.0
224,OptioMkIX,2011-11-19 17:41:08+00:00,404,1448,2.0
225,yangxcore,2011-11-10 21:00:08+00:00,2,8,17.0
226,tepidstringysemen,2016-05-20 00:12:44+00:00,82,689,14.0
229,teachMe,2008-08-29 04:35:50+00:00,148,326,8.0
230,teatowel_chicken,2013-10-23 21:28:46+00:00,52,265,2.0
231,shawly,2014-04-29 20:47:29+00:00,69,419,3.0
233,WideEyedEspurr,2016-01-21 06:55:26+00:00,106,936,13.0
234,reticulated_python,2012-08-01 14:05:27+00:00,56,983,8.0
235,Spcarson05,2015-05-29 15:36:48+00:00,18,115,7.0
236,solodropper,2016-06-25 11:40:10+00:00,7,19,5.0
237,LunaFish1975,2013-06-11 00:59:18+00:00,13,53,7.0
238,FoxyFoxy1987,2014-12-17 03:12:39+00:00,156,1071,12.0
239,Zeroprotons,2016-03-05 01:15:27+00:00,3,47,9.0
241,HungryTaco,2012-06-19 22:50:24+00:00,9,56,10.0
243,theirmoss,2015-01-25 17:10:44+00:00,201,661,10.0
244,bland12,2014-06-02 19:28:10+00:00,30,567,9.0
245,Rubin987,2015-12-28 03:15:17+00:00,81,166,8.0
246,6RatStaR9,2013-02-13 15:47:15+00:00,3,24,18.0
248,ilummynation,2015-07-23 13:53:53+00:00,82,1,2.0
249,AmiiboCouple4,2015-10-07 00:01:11+00:00,22,146,7.0
250,NewAirCo,2014-03-07 19:47:02+00:00,9,3,9.503511615343056
252,odrade1,2014-04-18 16:36:05+00:00,4,34,10.0
253,ohnoletsgo,2011-04-27 14:00:44+00:00,5,222,8.0
254,MustangDuvall,2012-06-04 00:24:16+00:00,122,1018,10.0
255,daddydale_,2016-05-07 21:25:26+00:00,273,6,10.0
256,-WhiskeyTangoFoxtrot,2015-07-12 04:25:01+00:00,3,12,7.0
257,PedroSmite,2015-08-30 06:29:46+00:00,2,5,9.503511615343056
258,romypoul,2016-02-06 06:49:22+00:00,19,1,18.0
260,TimmyHate,2013-05-13 10:12:12+00:00,26,559,15.0
263,SpykeMH,2014-11-13 19:08:25+00:00,30,1174,10.0
264,mommymummy,2015-08-10 20:37:45+00:00,464,639,8.0
265,AnonymousINTJ,2012-10-17 22:16:32+00:00,1,0,9.503511615343056
266,HerDemimonde,2015-09-17 10:50:40+00:00,110,233,7.0
267,Macklux,2013-09-10 20:42:18+00:00,5,169,10.0
268,Halojonny,2016-02-06 23:52:13+00:00,10,46,9.0
269,Seikatsuchan,2015-03-30 09:45:12+00:00,7,28,16.0
271,d1t017,2015-04-26 15:48:49+00:00,17,728,9.0
272,aishiteryu,2016-10-01 20:37:42+00:00,1,9,15.0
273,MullenMan,2014-06-09 01:36:49+00:00,17,25,9.0
274,Johanimoe,2012-08-10 12:21:00+00:00,19,105,3.0
276,BigHatNoCattle,2012-06-02 19:45:02+00:00,17,1088,8.0
277,gdan95,2012-12-09 01:57:46+00:00,204,652,7.0
279,shrikantrane19,2016-04-08 13:38:11+00:00,96,0,4.0
280,thelmgslayer,2014-10-22 02:20:00+00:00,81,689,7.0
281,WtfuckKoby,2016-01-26 17:03:45+00:00,5,14,13.0
282,wifeshare_throwaway,2016-10-03 20:42:01+00:00,26,17,12.0
283,Warrh,2014-08-27 23:30:53+00:00,72,504,6.0
285,BluedarkArt,2014-04-15 16:07:37+00:00,195,0,2.0
286,Dailychilly,2016-03-12 08:09:53+00:00,467,87,18.0
287,BatmanDracula,2015-02-23 20:37:18+00:00,770,696,7.0
288,mafia16,2014-09-07 18:01:21+00:00,10,118,8.0
289,UnicycleMafia,2015-10-24 21:42:37+00:00,47,119,9.0
292,BoneyTee,2012-10-31 20:19:35+00:00,62,1202,5.0
293,dynetix,2011-09-03 05:08:45+00:00,6,114,19.0
294,anoldenemy1,2016-05-11 11:24:25+00:00,216,536,5.0
295,matjaus,2015-07-06 20:45:34+00:00,17,52,3.0
296,rreyes723,2015-02-05 04:59:33+00:00,9,7,11.0
297,Meshoooajlan,2016-05-24 02:31:11+00:00,207,6,9.0
298,cinenet3,2015-12-10 22:40:07+00:00,1,0,9.503511615343056
299,whymauri,2013-01-16 01:18:18+00:00,36,990,12.0
301,wearemotofire,2016-03-08 11:22:46+00:00,69,6,3.0
302,csparker,2012-01-09 14:20:01+00:00,3,12,14.0
304,JPL85,2016-08-23 00:14:44+00:00,1,0,9.503511615343056
305,Ralax98,2015-04-18 15:10:04+00:00,12,19,6.0
307,ALTInsider,2014-10-12 12:00:11+00:00,8,41,20.0
308,gamafreak,2016-07-07 08:33:32+00:00,4,2,9.503511615343056
0,Infamyyy,2014-09-13 23:01:43+00:00,41,112,15.0
1,PaceyRJ,2016-05-30 20:36:21+00:00,3,2,9.0
3,AuntAlien,2016-08-05 08:39:00+00:00,29,14,6.0
7,yamaja124,2015-11-12 22:50:43+00:00,1,0,9.0
8,AtariiXV,2012-05-26 02:40:57+00:00,18,256,10.0
9,jakogazi,2016-01-02 07:40:19+00:00,21,0,7.0
10,MattsWorldoWonders,2015-06-25 14:46:32+00:00,60,362,5.0
11,queiroga,2014-04-04 14:34:04+00:00,20,221,16.0
13,oopsihitaparkedcar,2014-12-11 01:34:07+00:00,35,621,19.0
14,Drjosh84,2016-01-23 21:23:21+00:00,98,23,8.0
15,Neighsus,2015-02-20 07:21:33+00:00,92,942,2.0
16,Sledka,2015-07-02 20:37:22+00:00,15,34,4.0
18,haoest,2007-07-23 20:52:19+00:00,3,28,11.0
19,naturalbornkiller21,2016-01-17 02:45:49+00:00,8,31,5.0
20,retrofl0w,2014-01-01 17:26:06+00:00,81,407,4.0
21,UnregisteredSarcasm,2016-07-01 12:47:04+00:00,28,93,16.0
23,clb1016,2014-04-14 22:13:41+00:00,51,1033,11.0
24,VViza,2012-10-11 23:20:25+00:00,16,15,10.0
25,outsideupside,2014-09-04 01:15:25+00:00,14,419,10.0
26,horatiowilliams,2011-08-06 00:40:09+00:00,95,435,14.0
27,ReCryptic,2015-09-16 22:24:09+00:00,64,31,9.0
28,USoccerMovesCol,2016-07-12 15:58:26+00:00,52,79,15.0
29,kingkaizersauce,2015-06-03 12:18:15+00:00,109,739,19.0
31,hotaru9909,2011-04-10 23:28:46+00:00,22,101,2.0
32,Linuslov,2014-11-01 15:50:05+00:00,22,78,2.0
33,rctracer,2012-09-18 05:07:33+00:00,1,4,4.0
35,motoway,2016-10-19 10:07:18+00:00,1,0,11.0
36,Kapernacas,2015-02-27 15:29:07+00:00,8,72,16.0
37,Gokuto,2015-07-15 15:50:10+00:00,162,496,10.0
38,V7TV,2015-11-02 21:40:21+00:00,7,1,8.0
39,Darig0n,2013-06-20 19:59:49+00:00,41,184,14.0
40,Callum1370,2013-09-11 21:04:08+00:00,27,493,11.0
41,Aakashastyle,2015-06-23 07:50:55+00:00,28,0,3.0
44,MakePungbaekViable,2016-05-21 23:45:14+00:00,43,193,9.0
45,sharedYTmedia,2016-10-11 00:08:36+00:00,101,22,4.0
46,plotaramifikbi,2015-12-12 12:24:10+00:00,1,1,6.0
47,chirone,2015-06-02 11:35:28+00:00,4,1,2.0
48,Tonny_Freeman,2015-09-22 12:28:41+00:00,2,2,8.0
49,arvzg,2011-12-26 13:56:18+00:00,79,486,9.0
50,VolubilisDiaboli,2015-01-18 23:48:32+00:00,5,16,9.503511615343056
51,TechRevMarrell,2016-01-06 17:31:42+00:00,3,1,11.0
52,CrazyAboutCurls,2015-12-20 09:51:16+00:00,11,134,2.0
53,frazz123,2015-09-24 02:23:16+00:00,214,306,9.0
55,ravynsaidso,2015-07-15 20:29:25+00:00,4,53,10.0
56,zyrexrave,2016-03-16 21:55:46+00:00,13,23,9.0
57,joshuatopolsky,2011-01-16 01:47:22+00:00,16,30,10.0
59,zoee2367,2016-05-05 02:32:07+00:00,2,0,11.0
61,rickcooper2016,2016-05-02 05:18:51+00:00,205,0,12.0
62,firsttimehereagain,2015-11-25 06:47:39+00:00,60,3,11.0
63,Mellinsky,2015-07-28 05:51:57+00:00,87,236,12.0
65,Lostvision,2014-02-10 03:03:30+00:00,83,558,9.503511615343056
66,Macnets,2015-03-26 17:46:59+00:00,35,474,9.0
69,Guildcrafter,2015-02-15 10:20:14+00:00,6,11,13.0
70,farmtrack60,2016-07-20 10:12:40+00:00,49,2,10.0
71,badboy2303,2012-05-05 23:14:28+00:00,816,8,9.503511615343056
72,panthergame,2013-01-31 12:13:55+00:00,150,419,10.0
73,latovelich,2015-07-09 05:47:41+00:00,2,0,12.0
74,n-h-n,2016-01-11 10:36:10+00:00,1,0,11.0
75,TheseColorsDoNotRun,2016-03-28 05:50:57+00:00,38,142,6.0
76,thedub352,2013-04-19 16:15:12+00:00,7,16,8.0
77,plonk519,2011-09-27 03:34:34+00:00,37,691,7.0
78,N0GloveN0Love,2014-03-12 06:18:56+00:00,58,450,6.0
79,PhiNeurOZOMu68,2013-05-11 04:05:00+00:00,42,168,2.0
81,lordhercules,2015-09-21 09:59:45+00:00,219,0,7.0
82,someuniquename,2013-04-13 00:04:33+00:00,28,289,8.0
83,nintendonate64,2014-02-18 16:41:35+00:00,39,857,4.0
84,stoneraven2001,2016-03-09 21:38:51+00:00,4,16,11.0
86,cajunsamurai,2011-09-03 01:22:32+00:00,68,392,8.0
87,MagnusVonWittrup,2015-01-05 21:09:36+00:00,1,1,10.0
88,aman-singh9801,2015-02-06 07:17:05+00:00,202,1082,7.0
89,Evomon,2013-09-13 12:21:44+00:00,7,73,9.0
90,statisticshelpdesk1,2014-10-06 12:27:31+00:00,385,0,5.0
91,GreatDanton7,2013-02-06 17:19:30+00:00,5,13,9.503511615343056
93,King-Of-The-Raves,2015-05-05 14:28:21+00:00,101,390,20.0
94,rscan,2016-03-03 14:19:36+00:00,93,337,3.0
95,smbdyspcl,2011-07-31 08:07:26+00:00,7,16,15.0
96,Pznberry,2013-11-07 15:47:09+00:00,9,43,7.0
97,jossome2,2016-04-05 15:54:22+00:00,40,29,9.0
100,nesmetihor,2014-04-11 00:19:36+00:00,65,0,3.0
101,kYANTNRYASI,2013-09-26 21:03:38+00:00,15,123,19.0
102,unit_117,2013-08-30 23:25:46+00:00,62,16,16.0
103,kylexon,2015-06-22 11:38:19+00:00,1,0,3.0
104,ninjaninjav,2010-11-21 21:04:27+00:00,36,320,17.0
106,oasick,2014-10-27 13:42:50+00:00,15,210,8.0
107,naton566,2014-07-11 17:15:40+00:00,70,595,9.503511615343056
108,nashj001,2014-01-14 13:20:02+00:00,626,8,7.0
109,PapuRapu,2015-05-06 12:52:59+00:00,22,209,12.0
110,trasuppca14779,2016-02-17 18:11:39+00:00,1,0,10.0
111,Jigawattts,2015-01-18 15:38:49+00:00,40,153,14.0
113,Shih_Tzu_Club,2015-07-15 20:54:46+00:00,287,1,4.0
114,kocafatih,2015-09-01 17:56:28+00:00,834,12,8.0
115,imgurlovers,2015-10-25 19:29:39+00:00,5,3,10.0
116,EnragedFuhrer,2016-03-28 16:49:28+00:00,8,11,9.503511615343056
118,digitalcriminal,2010-12-10 19:23:57+00:00,34,1419,17.0
120,gonnalearnmesomethin,2015-08-06 15:48:46+00:00,4,38,12.0
121,danj2k,2014-10-12 20:55:17+00:00,5,6,19.0
122,danbill3645,2015-07-07 00:02:26+00:00,1,0,20.0
123,foobgoof,2013-05-05 05:07:08+00:00,46,189,7.0
124,12552884,2015-12-10 18:37:37+00:00,10,4,2.0
125,kaucc,2015-01-21 14:49:51+00:00,2,53,20.0
126,madhpark,2016-07-18 16:24:12+00:00,3,8,20.0
127,disconaldo,2012-07-21 16:18:15+00:00,30,88,16.0
129,CSGO76,2015-09-14 19:40:44+00:00,53,341,7.0
131,rollerpigeons,2012-03-31 21:02:23+00:00,13,132,10.0
132,ppapppap,2016-10-06 17:18:00+00:00,38,890,12.0
133,buyingaspaceship,2012-07-09 00:36:04+00:00,264,207,9.0
134,Goosedeuce,2013-04-15 21:24:51+00:00,14,133,3.0
136,Roarence,2015-01-13 08:02:08+00:00,27,992,9.0
139,NishaParmar267,2016-09-06 05:57:47+00:00,66,0,9.0
140,PifDM1,2016-04-01 04:31:42+00:00,9,17,2.0
141,tamzi9933,2015-10-28 20:42:29+00:00,1,0,9.0
142,dgist,2015-05-04 13:41:45+00:00,80,51,9.503511615343056
143,wildcodegowrong,2014-04-29 19:11:15+00:00,652,21,17.0
144,JackTheRiipper6,2016-03-24 14:02:42+00:00,18,74,9.0
145,King_Jaehaerys,2016-07-07 03:02:43+00:00,4,27,11.0
147,dienhoathanglong,2011-05-23 08:37:08+00:00,10,0,10.0
149,sendokan,2011-10-03 20:25:36+00:00,1,17,20.0
150,lowellb,2013-03-12 19:24:38+00:00,10,16,6.0
152,theregularbloke,2013-03-30 23:52:46+00:00,10,88,17.0
153,bocehtnonrop,2015-07-16 21:08:06+00:00,7,5,19.0
154,Bucolic_Intent,2015-06-29 12:28:35+00:00,22,177,9.503511615343056
155,zsheram,2014-11-10 00:42:30+00:00,30,9,9.0
157,Astore3094,2015-12-09 00:55:08+00:00,9,12,10.0
158,GifsHunter,2015-12-01 21:28:46+00:00,473,257,13.0
159,Whitewash808,2011-10-16 16:46:04+00:00,16,38,9.503511615343056
160,Narelex,2014-12-20 23:28:42+00:00,27,803,20.0
161,LivinForTheDankMemes,2015-07-25 20:51:54+00:00,3,6,4.0
162,whitestairs123,2016-04-06 02:03:32+00:00,1,1,14.0
164,flapjackpancake,2015-07-03 03:21:17+00:00,12,2,10.0
166,ICEDv1,2016-01-18 13:37:18+00:00,2,12,9.503511615343056
168,AnCapConverter,2012-03-20 16:43:08+00:00,8,70,9.503511615343056
169,tralalove,2013-09-01 20:06:11+00:00,96,1323,17.0
171,Spute2000,2015-01-16 16:56:52+00:00,85,450,14.0
172,ufouniontv,2014-06-29 15:26:46+00:00,51,0,7.0
173,papi83dm,2014-12-26 20:58:47+00:00,160,507,9.0
174,ConvenienceStoreDiet,2014-12-21 01:34:08+00:00,91,147,9.0
176,AshleyWarwa,2015-05-20 11:12:37+00:00,71,0,8.0
177,gymequipmentspunjab,2015-03-18 12:20:52+00:00,76,0,9.503511615343056
178,DarkslayerTV,2012-07-19 15:10:41+00:00,40,19,9.0
179,Hoobahoo,2012-10-03 01:21:08+00:00,11,34,9.0
180,RealDerpieDoo,2016-03-03 03:38:20+00:00,174,144,11.0
181,Leo_29,2014-11-30 22:42:03+00:00,1,1,3.0
182,Edge2GG,2014-12-10 13:27:25+00:00,3,3,9.0
183,elenof59933,2016-01-09 00:07:25+00:00,1,0,9.503511615343056
184,B_A_R_R_Y_B_O_Y_S,2015-03-27 22:56:34+00:00,98,115,4.0
186,sassy1646,2015-06-13 04:59:55+00:00,167,51,19.0
187,Paperthinplasticbag,2015-01-05 06:50:13+00:00,1,58,5.0
188,PeytonAvery19,2015-07-23 17:44:27+00:00,274,243,9.503511615343056
189,TheAdvancedApe,2014-01-27 21:54:09+00:00,4,9,5.0
190,smbtuckma,2012-03-21 05:09:28+00:00,23,668,9.0
191,ohhepicfail,2013-03-15 21:22:50+00:00,24,73,9.0
192,Reddit_Moviemaker,2013-05-29 22:06:28+00:00,10,1325,9.503511615343056
193,Gabrielle_of_York,2016-04-29 22:44:23+00:00,71,418,10.0
194,RileyRuButt,2015-10-16 15:08:48+00:00,8,66,3.0
195,Starzett,2016-07-02 09:51:56+00:00,14,10,17.0
196,themonkery,2012-01-03 04:34:53+00:00,19,184,9.0
198,saltwatas,2012-01-29 16:11:46+00:00,7,27,7.0
199,dperron33,2013-10-06 17:30:47+00:00,15,59,13.0
200,noondesertsky,2006-10-06 00:06:30+00:00,122,5,16.0
201,stokesy56,2015-10-12 08:45:34+00:00,1,1,6.0
202,MortalHyb,2016-07-18 17:48:47+00:00,8,34,3.0
203,Beatorycze,2014-04-08 19:52:58+00:00,16,82,11.0
204,livethepearljam,2012-10-01 02:18:08+00:00,1,7,4.0
205,RelatablyIndecent,2016-04-01 20:10:33+00:00,3,0,8.0
206,georgesmith1312,2015-05-14 04:47:26+00:00,131,1,9.0
207,TranPigtom,2016-05-11 14:53:52+00:00,26,6,2.0
210,erpreen99342,2015-12-30 10:44:07+00:00,1,0,7.0
211,GaianHelmers,2012-12-30 10:09:55+00:00,37,281,7.0
212,BeardBro95,2016-07-09 16:53:04+00:00,84,377,9.503511615343056
213,Pedro_HeB,2015-08-09 05:06:18+00:00,28,102,13.0
214,Rterry297,2015-06-02 04:44:02+00:00,62,293,20.0
216,dzemikowy,2013-09-01 14:26:08+00:00,540,973,20.0
217,Grimzentide,2012-08-21 19:44:22+00:00,11,41,8.0
218,Zeltashock,2015-02-10 18:49:57+00:00,152,75,4.0
219,JamesD42,2015-03-01 20:41:35+00:00,417,0,6.0
220,fzhyuen,2012-06-16 14:03:56+00:00,23,104,5.0
222,Massacre_62,2015-10-05 21:13:04+00:00,31,292,3.0
223,Argeus,2016-03-20 20:10:22+00:00,604,42,9.0
224,Parulize,2014-06-06 19:43:40+00:00,14,38,2.0
226,perrarm,2015-08-08 22:56:56+00:00,146,1215,14.0
227,kimcil128,2015-06-17 15:51:10+00:00,10,0,6.0
229,Filmndru,2015-08-28 23:28:54+00:00,150,1125,8.0
230,tonyzagod,2015-02-16 00:03:54+00:00,135,90,2.0
231,Ralphii,2014-10-14 12:22:44+00:00,46,239,3.0
232,PortlandPerson94,2015-12-21 17:58:03+00:00,573,592,11.0
233,jones84,2016-04-09 21:54:00+00:00,2,0,13.0
234,frivgazo,2012-06-28 05:05:19+00:00,295,0,8.0
235,Always_Classy69,2015-08-14 06:12:43+00:00,142,343,7.0
236,Stoutpup,2015-09-04 18:24:12+00:00,140,195,5.0
237,CatarinaElibeth,2013-04-13 05:45:04+00:00,20,60,7.0
239,Sonicdart123,2016-07-14 12:04:01+00:00,1,5,9.0
240,pongpagong,2010-08-28 04:47:43+00:00,1,94,9.0
243,PurpleDerp,2011-02-02 14:56:38+00:00,355,548,10.0
244,Nerdindisguise21,2015-08-16 17:14:06+00:00,49,525,9.0
246,2_da_resQ,2011-08-25 20:59:26+00:00,18,58,18.0
247,Joey1020,2016-01-23 22:57:09+00:00,18,51,11.0
248,InteJer,2013-10-25 16:53:39+00:00,31,20,2.0
249,manifever,2015-12-23 16:02:16+00:00,1,0,7.0
250,arisufox,2014-11-30 12:19:06+00:00,351,401,9.503511615343056
251,tongzzzz,2015-11-10 20:14:54+00:00,60,45,9.0
252,ZombieSean,2014-09-28 15:37:26+00:00,1,62,10.0
253,Deltamon,2011-11-15 01:55:59+00:00,64,826,8.0
255,notakat,2014-01-18 02:58:39+00:00,46,257,10.0
256,urika,2012-01-21 22:47:14+00:00,14,38,7.0
257,parkavenuesmartlipo,2012-08-13 07:14:52+00:00,75,0,9.503511615343056
258,ambidexterously,2014-06-23 14:15:26+00:00,24,41,18.0
259,ThaQtipWIlson,2014-02-06 20:46:40+00:00,8,13,8.0
260,seeanotherlight,2016-08-01 20:18:47+00:00,38,142,15.0
261,pet4miss,2015-03-20 05:38:56+00:00,231,9,8.0
262,eloradanaan,2015-09-01 22:10:56+00:00,1,0,8.0
263,NashtownLivin,2015-07-13 20:07:13+00:00,67,1,10.0
265,Wolfgangallee,2015-04-05 21:19:56+00:00,21,4,9.503511615343056
267,ryantucker1986,2011-03-27 20:21:05+00:00,19,345,10.0
268,crazyskin123,2015-08-13 00:29:29+00:00,1,0,9.0
269,Wherewolf28,2016-07-01 17:59:58+00:00,11,45,16.0
270,ZackBop,2014-01-07 02:49:39+00:00,53,381,7.0
271,Milkjudge,2015-11-19 12:18:32+00:00,110,76,9.0
272,Rileyharnett,2015-10-01 02:50:04+00:00,17,8,15.0
273,Endrick65,2013-12-29 15:03:23+00:00,122,25,9.0
274,DeanosaurusMetz,2015-04-29 00:44:36+00:00,19,2,3.0
275,puncabi,2015-07-13 14:24:31+00:00,7,1,2.0
276,dankdoobies,2016-04-09 05:34:17+00:00,11,13,8.0
277,NEETpurple,2014-07-07 16:53:31+00:00,12,85,7.0
279,cj1991,2011-09-13 02:15:15+00:00,12,226,4.0
283,webdesignQLD,2015-10-13 04:46:11+00:00,114,0,6.0
285,flor14n4,2014-10-17 23:27:13+00:00,625,0,2.0
287,ShoppriceAustralia,2016-05-18 15:07:29+00:00,133,0,7.0
288,Lamb_the_Man,2014-09-15 01:16:41+00:00,4,81,8.0
289,dentecanino,2014-10-23 11:36:54+00:00,5,46,9.0
290,Frangipane1,2014-06-09 04:17:31+00:00,14,246,5.0
291,alexromanov1985,2015-06-01 11:07:27+00:00,435,0,2.0
292,mouislam905,2014-02-15 23:07:16+00:00,1,0,5.0
293,ThaPornGuy,2015-07-26 10:12:52+00:00,120,21,19.0
294,egemen3555,2015-09-29 21:35:19+00:00,54,23,5.0
295,smellmusic,2015-12-19 21:24:46+00:00,6,4,3.0
296,FerumbrasHat,2014-09-28 22:47:12+00:00,1,3,11.0
297,LiveInVR,2015-07-24 06:10:58+00:00,16,58,9.0
298,riskymilk,2012-02-29 00:59:20+00:00,247,663,9.503511615343056
299,FaZen420,2015-08-31 08:51:26+00:00,39,305,12.0
300,giwndklewe,2016-02-01 16:41:12+00:00,67,46,7.0
301,zS_7L_3p,2016-02-14 13:17:38+00:00,1,0,3.0
302,DisFlavored,2015-10-04 00:11:07+00:00,15,125,14.0
303,luxorcairo,2014-03-10 04:01:31+00:00,55,351,9.0
304,nahbruh27,2016-03-13 23:26:42+00:00,31,97,9.503511615343056
305,Linkin0330,2016-08-31 05:15:46+00:00,1,7,6.0
306,AllDayFadeAway,2013-06-15 05:41:01+00:00,10,23,7.0
308,Trevsdatrevs,2014-06-10 14:56:48+00:00,1,16,9.503511615343056
309,Gratch792,2016-08-12 11:28:31+00:00,1,0,10.0
310,JakeJW,2014-06-06 13:54:08+00:00,8,28,9.503511615343056
311,compsens,2012-10-03 12:35:25+00:00,629,20,9.0
312,murphcat101,2015-05-28 23:34:34+00:00,30,18,3.0
313,9Tskid,2013-01-06 14:12:15+00:00,37,170,8.0
314,Maxonification,2015-01-19 05:38:16+00:00,2,22,8.0
315,Odhrain,2011-08-10 17:05:43+00:00,6,8,8.0
316,GallegosProduction,2015-01-15 01:49:49+00:00,72,0,9.503511615343056
317,IDontReadTheTitle,2012-01-03 07:50:18+00:00,33,436,10.0
319,red_shroom,2012-08-16 20:46:09+00:00,39,136,10.0
321,Kabutus_Crepitus,2015-05-02 22:05:19+00:00,150,1407,9.0
322,Alucitary,2013-10-25 01:22:55+00:00,83,832,8.0
324,bloodyblack,2014-10-08 15:40:11+00:00,24,135,12.0
325,mickytheboy,2016-06-08 20:27:02+00:00,4,4,5.0
327,Starterfor10,2015-08-31 00:43:54+00:00,4,5,12.0
328,SimplyGraded,2016-06-27 00:55:37+00:00,8,2,9.0
329,KingNigg,2013-10-16 06:06:42+00:00,56,304,11.0
330,colinodell,2008-12-01 12:04:26+00:00,54,379,4.0
331,edburgsteffan,2015-09-27 14:02:18+00:00,1,0,3.0
332,Andre27,2014-07-28 19:49:47+00:00,59,480,8.0
333,Teka49,2013-05-21 18:39:01+00:00,42,136,8.0
334,TallWhiteandNerdy,2011-10-07 00:09:53+00:00,34,205,16.0
335,CorvoBanttano,2015-10-18 14:22:18+00:00,62,663,11.0
336,alx429,2011-04-14 23:32:08+00:00,3,23,12.0
337,realmcd,2012-11-24 11:03:19+00:00,7,47,3.0
339,Silithas,2014-09-08 18:25:27+00:00,267,520,9.0
342,MelissaTaThomas,2016-03-28 18:45:24+00:00,15,2,9.503511615343056
344,Shiny_Breederr,2016-05-08 16:44:56+00:00,132,987,9.503511615343056
345,fangzert,2016-05-27 12:10:22+00:00,159,43,9.0
346,DrFarnsworthh,2014-11-03 17:29:56+00:00,54,0,11.0
347,kadevalentine,2016-04-10 02:00:43+00:00,72,385,11.0
348,isniffsharpies,2012-02-09 20:57:57+00:00,3,68,8.0
349,saamrad,2013-07-12 15:05:13+00:00,24,274,2.0
350,Delialearn2,2015-07-09 01:36:05+00:00,220,441,18.0
351,Sean3ezy,2013-08-19 05:19:19+00:00,188,951,3.0
352,Sedawa,2013-10-27 04:48:49+00:00,27,265,10.0
355,t3chr,2016-08-04 16:45:58+00:00,166,103,9.503511615343056
356,Sukhmaan,2015-05-24 05:55:07+00:00,68,2,9.503511615343056
357,tripostrophe,2013-01-30 09:50:43+00:00,231,164,9.503511615343056
358,onlinemystore,2015-10-05 11:10:31+00:00,146,0,19.0
359,Nukaz_,2014-08-08 02:36:12+00:00,27,41,9.0
360,BobKim,2012-02-24 02:15:00+00:00,27,584,9.503511615343056
362,austai,2010-09-27 15:58:43+00:00,23,244,17.0
363,Powell06Hull,2016-03-10 20:29:31+00:00,2,0,10.0
364,aintnos,2015-10-04 05:19:35+00:00,9,1286,12.0
365,Coronos90,2013-04-29 04:33:55+00:00,4,14,6.0
367,dennison,2007-09-06 07:20:58+00:00,96,811,5.0
368,MarkV40,2014-08-14 20:59:56+00:00,65,366,9.503511615343056
369,dank420memes1337,2016-04-14 14:04:23+00:00,411,1269,2.0
370,babaloopant,2011-06-10 16:47:20+00:00,4,84,18.0
371,mmohsinn,2015-11-10 08:44:48+00:00,572,7,10.0
372,MattyMouseeee,2015-12-16 19:13:41+00:00,702,75,16.0
373,capmerah,2014-09-15 06:59:54+00:00,92,31,9.0
374,Dumpsterman74755,2015-06-30 11:47:52+00:00,1,0,8.0
375,BillShakesrear,2015-11-06 01:32:38+00:00,12,43,10.0
377,p0wderz,2010-09-28 19:25:55+00:00,7,57,19.0
378,Luckeybabe,2015-10-03 02:14:05+00:00,3,0,3.0
379,konstantinlev,2016-04-12 11:48:36+00:00,22,5,20.0
380,ancl3333,2014-07-07 19:15:26+00:00,7,456,15.0
381,Blackers722,2014-07-18 23:38:59+00:00,89,150,20.0
382,1NSTRUM3NT,2010-08-05 19:35:39+00:00,149,5,9.503511615343056
383,SargentMcSwag,2016-08-07 16:31:33+00:00,33,892,9.503511615343056
384,minnabruna,2009-05-21 20:47:00+00:00,22,1320,9.0
385,dumpstermummy,2013-07-22 02:19:45+00:00,15,48,10.0
386,pdido1,2014-10-28 06:47:29+00:00,180,325,9.0
387,Screamingmoon,2014-12-04 07:09:08+00:00,78,375,11.0
389,cncaudata,2013-09-18 17:56:00+00:00,50,154,14.0
390,PthrowawayConfession,2016-08-28 09:27:01+00:00,1,6,2.0
391,joeyfine,2014-10-21 12:29:50+00:00,73,328,13.0
392,sora2k,2016-01-11 23:33:16+00:00,5,3,11.0
393,Kbook92,2014-11-10 05:55:13+00:00,18,28,6.0
394,gtyut56,2015-10-13 18:05:20+00:00,1,0,16.0
395,YoutubePosts,2016-08-07 22:51:18+00:00,5,2,11.0
396,savagelaw,2012-02-01 08:48:49+00:00,2,915,9.503511615343056
397,dishdog007,2015-05-08 03:13:08+00:00,3,16,20.0
398,mcburnerr,2015-12-17 03:26:15+00:00,17,22,10.0
399,very_nice_how_much,2011-08-10 18:41:51+00:00,108,926,18.0
401,Suji_Rodah,2012-02-02 05:46:38+00:00,64,641,8.0
402,pornand,2015-12-27 21:28:00+00:00,174,47,9.0
403,mariopro766,2015-08-07 05:37:04+00:00,29,41,19.0
404,msgrammarnazi,2013-11-04 00:30:12+00:00,83,259,10.0
405,Brackmantis,2016-03-16 05:31:13+00:00,45,88,5.0
406,black_notes,2015-02-11 14:42:09+00:00,158,707,7.0
407,Canosardines,2014-03-29 03:06:24+00:00,19,14,5.0
408,Run-GMC,2015-10-22 21:44:31+00:00,495,1226,2.0
409,ahotparty,2016-07-26 10:13:05+00:00,149,0,9.0
410,maxima423,2015-02-10 05:18:18+00:00,72,435,9.0
411,cuttlefish_tragedy,2013-02-04 01:48:50+00:00,7,1134,7.0
412,Proffy82,2015-07-19 10:16:00+00:00,140,19,9.503511615343056
414,Richellemandy,2015-08-03 13:51:08+00:00,129,0,10.0
415,hamidhes,2014-03-22 06:07:55+00:00,4,2,3.0
416,Homefriesyum,2016-03-08 02:04:46+00:00,23,383,7.0
417,panafricanation,2016-07-08 21:03:18+00:00,14,46,8.0
418,FractalJaguar,2012-12-10 23:29:43+00:00,92,532,4.0
419,DRD1176,2015-07-14 23:06:25+00:00,728,182,9.503511615343056
420,ColonelDickbuttIV,2015-07-29 11:31:44+00:00,1,193,9.0
421,Geno_is_God,2009-03-06 09:55:06+00:00,6,486,14.0
422,h4kcs,2015-12-07 16:23:59+00:00,51,534,3.0
423,ringo2231,2015-04-28 23:29:05+00:00,788,219,2.0
425,solo2bsoon,2016-10-06 23:42:45+00:00,3,20,14.0
426,short-n-stacked,2016-06-30 02:22:09+00:00,5,25,9.0
427,Feschberswilli,2014-11-12 22:56:23+00:00,1,1,9.0
428,PolarSuccess,2012-11-28 20:07:52+00:00,10,20,8.0
429,im_fine_,2014-06-28 04:25:25+00:00,19,10,8.0
430,superfudging,2011-07-15 18:54:33+00:00,145,775,3.0
431,BestJoeyAfrica,2013-08-11 03:45:48+00:00,2,1,9.503511615343056
432,davidrpf,2014-08-16 17:06:19+00:00,16,31,10.0
433,Reignbringer,2015-10-28 02:09:55+00:00,40,222,9.503511615343056
434,tub939977,2015-07-17 17:01:34+00:00,10,39,19.0
435,classmateprob24,2016-09-16 01:17:18+00:00,2,0,7.0
436,Thatelplay,2016-01-01 13:41:50+00:00,3,0,8.0
437,ttdi101,2015-12-30 04:47:55+00:00,1,1,8.0
438,darkrasp,2015-01-26 20:28:02+00:00,32,100,10.0
439,ideaphorellc,2013-09-18 20:54:49+00:00,18,67,11.0
440,jbobsmith,2013-10-15 17:22:23+00:00,20,113,10.0
444,yusefvideo,2015-08-31 02:39:37+00:00,92,1,4.0
445,rishinator,2013-12-27 13:26:17+00:00,112,1170,12.0
446,vlarocca,2014-11-26 21:48:14+00:00,716,293,14.0
447,dark_knight_007,2014-08-19 14:33:39+00:00,146,454,20.0
448,closestbbq,2014-12-29 00:57:12+00:00,3,30,18.0
450,fabyquinci,2014-03-20 03:07:27+00:00,126,414,9.503511615343056
451,wasabi_Pea_pew_pew,2014-07-03 01:33:50+00:00,66,289,2.0
452,wncguy,2015-10-30 12:46:59+00:00,6,115,9.0
453,iaceyi,2012-10-02 04:24:34+00:00,10,314,9.0
454,Blakeyblake69,2014-09-11 22:12:22+00:00,24,204,11.0
455,collectivecheckup,2015-12-02 21:08:28+00:00,110,907,9.0
456,chinofcobb,2014-03-03 02:38:29+00:00,38,71,9.503511615343056
457,cdhanner,2016-03-15 16:02:41+00:00,5,1,9.0
460,MrHeavySilence,2009-10-29 22:10:33+00:00,105,490,9.0
461,Exist25mgs,2014-05-13 08:16:35+00:00,3,107,9.0
462,Aspiring-Sissy,2016-04-27 20:07:55+00:00,18,228,17.0
463,prettyr4ndomusernam3,2016-02-13 12:42:24+00:00,44,422,6.0
464,benkol,2011-08-09 14:22:16+00:00,93,173,9.0
465,rawkout1337,2015-04-29 15:16:26+00:00,155,634,9.0
466,CLGbubblelift,2015-04-11 02:09:35+00:00,35,419,9.0
467,NewLeadersMusic,2016-01-28 14:45:14+00:00,95,54,8.0
468,x0swaldx,2016-03-17 16:04:32+00:00,34,197,12.0
469,Theonlycujo,2015-01-27 23:36:38+00:00,6,28,12.0
470,WhoopKid,2015-06-26 05:22:07+00:00,2,3,8.0
471,Eddie0309,2013-01-04 11:25:00+00:00,17,103,9.503511615343056
472,Isotopes505,2013-03-07 04:16:48+00:00,14,374,9.0
473,seljamark111,2016-01-23 15:14:50+00:00,53,1,12.0
474,juanmisionero,2014-10-25 03:53:09+00:00,160,363,8.0
475,nicoekies,2012-12-16 11:38:04+00:00,38,99,6.0
476,Brandon58DT,2014-02-14 16:48:08+00:00,74,196,10.0
477,asciimov,2008-08-29 01:08:35+00:00,186,455,12.0
479,asknow76,2015-08-01 18:37:35+00:00,1,0,8.0
480,Superevilangel89,2014-09-26 14:27:55+00:00,155,8,9.0
482,z1josh,2015-08-02 07:08:59+00:00,38,65,7.0
483,ya3faiwea,2016-02-03 10:05:18+00:00,1,0,10.0
484,chelster1003,2015-04-21 10:17:33+00:00,4,310,13.0
485,taco_insalata,2013-09-11 22:02:13+00:00,1,2,17.0
486,CrunchyHD,2015-03-26 19:09:52+00:00,35,46,17.0
487,notdanieljones,2014-01-20 22:12:22+00:00,14,86,9.0
488,im_new_here___,2016-09-04 02:59:25+00:00,8,10,10.0
489,xXXmlgproseris420XXx,2016-08-14 03:50:49+00:00,4,5,12.0
491,Satoshi_Soze,2014-10-23 15:18:57+00:00,257,961,9.503511615343056
493,mugensiz,2016-06-21 23:29:34+00:00,58,1,8.0
494,Andre-Roussimoff,2014-10-19 12:34:31+00:00,114,527,8.0
495,georgettac15,2015-07-04 01:34:27+00:00,206,0,13.0
496,MessageDeliver314,2016-09-13 14:16:23+00:00,53,0,11.0
497,alina45687,2016-02-17 19:41:56+00:00,1,0,10.0
498,VelociraptorPTT,2014-12-02 19:03:31+00:00,44,76,11.0
499,desertbreezee,2015-09-06 18:01:44+00:00,23,93,11.0
501,bevmoon,2016-06-14 05:21:59+00:00,827,90,5.0
502,rashelalo1012,2016-02-09 11:28:47+00:00,121,0,8.0
503,Albertbutler,2015-09-29 10:57:31+00:00,38,11,5.0
504,leonardo0812,2016-05-09 14:24:18+00:00,2,0,3.0
506,fullrestore,2014-05-05 09:02:51+00:00,7,148,8.0
507,ChickenDinero,2014-02-21 01:55:03+00:00,21,1157,8.0
508,ZakuTwo,2012-02-09 05:20:15+00:00,31,826,6.0
509,mulpay6538,2015-09-02 05:13:03+00:00,1,0,8.0
510,pikapikajeww,2013-09-27 17:33:40+00:00,27,46,9.503511615343056
512,Behold_the_Baroness,2016-05-19 23:41:09+00:00,2,23,3.0
514,lia85,2015-09-08 06:45:48+00:00,15,3,9.503511615343056
516,TheMizJizz,2015-02-11 07:38:12+00:00,8,34,8.0
0,SkoivanSchiem,2014-09-28 13:09:36+00:00,388,1326,15.0
1,Schizoid_Llama,2015-05-12 14:23:04+00:00,135,1306,9.0
3,UncoChen,2014-03-09 09:05:50+00:00,529,583,6.0
4,3waykid,2016-03-19 10:45:59+00:00,15,220,20.0
7,Deadlift420,2016-04-18 12:07:00+00:00,16,314,9.0
8,miggieramone,2014-11-28 21:05:42+00:00,96,409,10.0
9,therunningchimp,2014-02-23 14:35:49+00:00,21,15,7.0
10,Promotions2,2015-07-17 15:01:57+00:00,1,0,5.0
11,Bryggeriet,2012-10-17 11:41:15+00:00,35,20,16.0
12,kanateko,2015-03-05 11:34:42+00:00,341,1145,8.0
13,Scouter953,2012-05-24 22:28:10+00:00,69,221,19.0
14,marioreiser,2015-09-25 18:07:44+00:00,9,14,8.0
15,toyhousehd,2016-02-24 02:07:05+00:00,52,0,2.0
16,LetTheDreamStart,2016-03-27 12:20:16+00:00,1,2,4.0
17,ll_HARRY_ll,2015-12-12 08:58:54+00:00,8,4,12.0
18,bunchy,2012-02-15 23:18:28+00:00,10,37,11.0
19,NUMBERS145,2015-09-20 07:36:53+00:00,19,14,5.0
20,brandonbthomas99,2015-06-01 07:30:28+00:00,80,8,4.0
21,ThatOneFappingGuy,2015-06-12 12:01:37+00:00,19,335,16.0
22,TheWarLord69,2016-07-28 11:42:11+00:00,1,2,8.0
23,spaceman757,2014-10-26 23:48:57+00:00,362,949,11.0
24,neetance,2015-10-21 07:26:28+00:00,3,55,10.0
25,hayburg,2010-10-01 08:04:56+00:00,21,95,10.0
27,Evilpenguin526,2016-02-24 21:24:29+00:00,53,380,9.0
28,2fprn2fp,2011-11-06 07:40:28+00:00,8,18,15.0
29,havechanged,2011-03-31 15:04:08+00:00,46,732,19.0
30,turncloakforwhat,2014-10-25 11:01:01+00:00,139,848,9.503511615343056
31,bastecklein,2012-12-05 05:09:36+00:00,10,14,2.0
32,Starrwarrs,2015-11-19 22:04:29+00:00,3,11,2.0
33,gottathrowthisawayaw,2014-08-12 15:58:07+00:00,79,109,4.0
35,void-z,2015-03-02 09:37:49+00:00,41,92,11.0
36,Clabosh,2013-07-13 23:26:28+00:00,8,6,16.0
37,elminsterrr_,2016-01-13 19:02:44+00:00,12,13,10.0
38,fhsjxdgfg,2015-09-18 00:34:26+00:00,12,0,8.0
39,jrwhite8,2010-08-22 08:20:01+00:00,1,885,14.0
40,Penjat,2012-04-20 17:32:16+00:00,22,167,11.0
41,h4xr4nubs,2013-06-18 20:02:41+00:00,40,0,3.0
42,lilpotatowoo,2013-12-31 07:08:39+00:00,79,151,10.0
43,Mr_John_Shepard,2015-07-14 07:02:52+00:00,14,13,9.0
44,Synium,2016-10-17 10:25:09+00:00,1,0,9.0
46,D2Lynx,2015-05-08 00:33:44+00:00,46,119,6.0
47,urbanavenues1,2016-10-22 05:07:57+00:00,53,0,2.0
48,some_sort_of_monkey,2014-10-24 11:36:44+00:00,51,1438,8.0
49,Chocovich,2014-10-14 15:32:18+00:00,16,0,9.0
50,zangyfish,2015-12-19 21:27:07+00:00,24,16,9.503511615343056
51,damurse,2013-02-17 02:59:38+00:00,65,295,11.0
52,Drugen82,2013-12-27 05:24:21+00:00,72,140,2.0
53,tesla_beats_edison,2014-07-18 03:51:30+00:00,280,31,9.0
54,marialarrea80,2015-09-03 13:55:56+00:00,21,57,4.0
55,Hairyballzak,2015-07-18 16:41:34+00:00,625,939,10.0
56,WynterKnight,2013-09-15 13:35:30+00:00,31,243,9.0
57,krismel03,2015-11-30 00:39:45+00:00,6,37,10.0
58,shakedst,2015-10-14 17:28:23+00:00,86,310,5.0
59,Glen_Bateman,2016-05-18 02:24:03+00:00,16,106,11.0
60,Fiach_Dubh,2012-04-27 02:08:48+00:00,56,510,3.0
61,lauren-gonewild,2015-07-21 19:30:01+00:00,60,178,12.0
63,postitobrien,2015-07-23 04:04:51+00:00,56,102,12.0
64,sm1vvy7,2016-07-12 06:01:41+00:00,33,45,8.0
67,burnt2c,2013-10-26 01:48:11+00:00,15,141,11.0
68,softwaretestingsol,2015-09-04 06:56:04+00:00,41,0,9.0
69,hornythrowawayacct,2012-08-16 01:58:17+00:00,5,8,13.0
70,Animelovinggentleman,2015-12-02 10:22:07+00:00,2,6,10.0
71,offthewoods,2011-10-20 22:01:10+00:00,184,102,9.503511615343056
72,dyanisabelle,2015-12-04 05:34:12+00:00,19,791,10.0
73,Boredness_,2016-03-07 13:34:26+00:00,29,23,12.0
74,4InchesOfury,2011-03-25 22:41:48+00:00,90,779,11.0
75,kubanishku,2013-01-12 22:22:27+00:00,42,690,6.0
76,Bwardie,2015-08-09 06:14:28+00:00,166,1075,8.0
77,jardeon,2007-09-18 15:51:21+00:00,195,1064,7.0
78,melendus69,2015-12-22 11:29:32+00:00,3,3,6.0
79,khuntslayer,2013-10-11 16:08:43+00:00,146,200,2.0
80,StarrikKyrubui,2016-05-06 18:24:06+00:00,45,30,9.503511615343056
81,shstang,2012-12-05 01:42:37+00:00,2,4,7.0
82,Brahir,2015-02-25 08:03:56+00:00,34,22,8.0
85,JoshWilsonnn,2014-01-14 01:00:09+00:00,18,84,10.0
86,2electric4life,2015-05-14 21:52:30+00:00,70,197,8.0
88,PMurSSN,2016-02-25 03:41:56+00:00,11,59,7.0
90,thunderchunky604,2013-10-10 14:40:48+00:00,4,15,5.0
91,GreenArrow420,2011-12-08 11:43:45+00:00,5,70,9.503511615343056
93,shabit87,2015-02-01 02:30:58+00:00,68,444,20.0
94,thinkvitamin,2013-08-27 14:19:34+00:00,337,196,3.0
95,IRgay,2011-05-14 08:01:18+00:00,559,90,15.0
96,cpo1979,2014-08-18 04:57:14+00:00,3,1,7.0
97,danieltravolto,2015-07-30 11:08:34+00:00,306,157,9.0
98,otiyime,2016-01-17 05:47:35+00:00,1,1,10.0
99,PentaPotato,2015-02-07 10:52:16+00:00,18,153,9.503511615343056
100,lydiasavage,2015-09-26 03:19:49+00:00,4,28,3.0
101,rupeybaby,2013-06-29 10:36:53+00:00,4,214,19.0
102,Mikaze,2014-12-05 08:50:52+00:00,169,1013,16.0
104,JeyJohn,2015-08-03 17:40:27+00:00,11,25,17.0
105,Fit_Guy_With_Snacks,2016-06-24 14:17:47+00:00,10,13,8.0
106,mirkwoodia,2013-11-07 17:00:32+00:00,13,81,8.0
107,blackiechan99,2014-06-16 00:08:39+00:00,68,292,9.503511615343056
108,rajinwasian,2013-03-03 00:24:44+00:00,1,4,7.0
109,luci69,2012-12-22 15:58:14+00:00,5,127,12.0
110,cntkpmedwn,2012-09-10 03:24:03+00:00,36,380,10.0
111,Hahahamade,2013-10-25 21:08:53+00:00,5,8,14.0
113,turnheads,2016-01-11 19:22:26+00:00,293,9,4.0
114,therealdarkein,2010-09-27 18:26:12+00:00,9,75,8.0
115,seva98,2015-12-10 10:02:40+00:00,52,414,10.0
116,SaintOfSwamps,2016-05-20 23:28:09+00:00,3,6,9.503511615343056
119,gevera,2014-11-07 19:27:35+00:00,45,73,8.0
120,thebakedpenguin,2014-12-01 06:31:00+00:00,26,245,12.0
121,Ssttaavvii,2016-08-08 05:34:20+00:00,7,23,19.0
123,FurryButt,2013-08-22 21:04:02+00:00,10,24,7.0
124,Drpimplepopper,2015-01-02 12:36:47+00:00,120,206,2.0
126,Iheartdragonsmore,2012-06-12 00:08:37+00:00,26,51,20.0
128,TheMexicanMAP,2016-06-17 07:37:32+00:00,2,0,4.0
129,SuperGamingBros,2016-01-13 05:16:40+00:00,5,3,7.0
130,Jeromekolta,2016-01-07 19:54:17+00:00,18,114,5.0
131,Kalidan_,2014-10-20 13:00:18+00:00,14,19,10.0
132,letsgojets15,2013-08-16 02:24:05+00:00,1,6,12.0
133,eames_era_fo_life,2016-02-01 14:43:19+00:00,239,875,9.0
136,KingCoog,2014-05-26 20:22:59+00:00,6,24,9.0
137,uMnNoor,2016-07-17 11:58:15+00:00,2,1,14.0
138,Auerc0re,2014-08-28 04:01:41+00:00,73,218,9.0
139,zorgsthrowaway,2015-08-20 01:25:02+00:00,1,3,9.0
141,wooflastein,2014-08-16 17:29:36+00:00,1,34,9.0
142,no-body,2009-03-03 19:12:31+00:00,18,70,9.503511615343056
143,MrG,2007-02-21 17:05:38+00:00,76,776,17.0
144,P15395,2016-01-25 02:40:05+00:00,25,68,9.0
145,Vespertine32,2014-08-06 14:50:51+00:00,66,209,11.0
146,fnkwuweh,2012-10-16 21:03:10+00:00,12,49,12.0
149,Shibbyone,2016-03-25 18:54:50+00:00,20,251,20.0
150,ChrisJHallSC,2016-08-26 21:54:23+00:00,20,6,6.0
151,Pawtpie,2013-09-19 17:42:08+00:00,80,364,8.0
152,Glenn55whelan,2016-02-23 22:48:36+00:00,17,654,17.0
153,VeggieInspired,2015-04-27 18:39:28+00:00,133,115,19.0
155,theLAZYmd,2015-11-20 23:17:33+00:00,146,1108,9.0
156,Trigonn,2013-01-07 18:25:17+00:00,84,408,16.0
157,MrJHound,2014-09-21 14:21:18+00:00,16,1001,10.0
158,seltzr,2013-08-01 04:11:28+00:00,91,319,13.0
159,JAlbert653,2014-05-29 21:09:10+00:00,103,96,9.503511615343056
161,smarrito,2015-02-11 13:14:20+00:00,206,1307,4.0
163,Cruzin-4loco,2014-10-20 01:57:12+00:00,7,38,9.503511615343056
164,kaz_a,2015-08-22 16:20:55+00:00,168,400,10.0
165,Idiot_Supreme,2016-08-18 04:17:40+00:00,41,88,11.0
166,campcappuccino,2013-09-09 14:30:20+00:00,1,15,9.503511615343056
167,PIMOPIMO,2011-05-20 20:02:40+00:00,8,28,13.0
168,Dank_wank_bank_stank,2015-09-30 22:41:27+00:00,19,32,9.503511615343056
169,itsmethepro,2014-09-29 12:24:02+00:00,102,525,17.0
170,WinterIsComin,2012-04-14 17:55:22+00:00,18,409,11.0
171,tblizz3317,2013-05-20 03:28:19+00:00,1,144,14.0
172,SeeYou484,2016-11-18 19:13:03+00:00,1,3,7.0
173,LongDonkeyHonkey,2016-06-03 01:13:37+00:00,529,1522,9.0
175,slowporc,2013-07-11 14:22:46+00:00,46,401,8.0
176,greatestNothing,2014-01-28 20:01:09+00:00,51,1353,8.0
177,ToxicFlames,2015-07-13 17:10:36+00:00,13,45,9.503511615343056
179,themiths35,2012-07-09 12:43:36+00:00,46,151,9.0
180,ShowerCoffee,2015-05-02 02:42:13+00:00,2,3,11.0
181,JennasisTV,2015-07-31 13:52:51+00:00,3,19,3.0
182,notice_moi,2016-01-16 07:28:47+00:00,23,48,9.0
183,WineTaxi,2015-01-23 06:30:10+00:00,7,2,9.503511615343056
184,ABCISASEZAS123,2016-02-15 22:55:43+00:00,4,7,4.0
185,OneWingedAngeI,2015-12-06 22:07:42+00:00,51,1134,6.0
187,sleepcareindia,2015-05-02 05:45:34+00:00,24,2,5.0
188,GrasshopperxDD,2016-02-07 20:31:29+00:00,57,87,9.503511615343056
189,eatmydonuts,2011-11-02 14:45:29+00:00,86,747,5.0
191,JacobSDN,2014-10-11 05:13:10+00:00,43,963,9.0
192,masterian151,2013-12-21 05:07:00+00:00,29,122,9.503511615343056
193,Calem54,2016-10-18 19:46:34+00:00,2,8,10.0
194,MediExcalibur2012,2015-11-12 09:41:44+00:00,77,54,3.0
195,the_bridgeburner,2014-08-18 01:16:15+00:00,24,339,17.0
196,jkb-,2014-03-30 16:37:35+00:00,12,1307,9.0
197,bluelvo,2015-10-04 20:23:25+00:00,8,36,8.0
198,MattMcRedbeard,2015-06-13 00:46:25+00:00,23,45,7.0
202,552eden,2015-06-28 15:47:33+00:00,32,159,3.0
203,josephb987,2015-12-16 07:03:54+00:00,22,0,11.0
205,Laniph,2015-07-05 15:09:44+00:00,116,331,8.0
206,CapnKrump_2,2015-12-14 19:19:47+00:00,5,112,9.0
209,PudMuffin5,2014-09-13 03:35:05+00:00,45,641,11.0
210,tcurnutte,2014-10-15 17:04:23+00:00,99,692,7.0
212,summit-co,2016-06-25 20:28:01+00:00,3,1,9.503511615343056
213,a_bit_befuddled,2012-02-24 01:14:53+00:00,82,136,13.0
214,mackouta,2016-06-07 12:07:19+00:00,6,119,20.0
215,newsheraldinoh,2014-07-22 14:09:10+00:00,20,0,4.0
217,Communist_Jesus,2015-07-07 23:11:03+00:00,9,221,8.0
218,annectar,2016-04-30 09:55:39+00:00,2,0,4.0
219,The_Evader,2015-06-25 10:58:37+00:00,7,250,6.0
220,Mesuzuko,2015-01-13 23:18:14+00:00,14,12,5.0
221,mamborambo,2008-12-01 18:58:17+00:00,338,244,9.0
223,Armament1985,2015-07-29 07:55:49+00:00,5,13,9.0
224,RKellysVictim,2013-10-22 04:01:17+00:00,10,158,2.0
225,VintageRuins,2012-08-07 19:00:27+00:00,63,317,17.0
226,Pixalart,2016-02-26 07:26:14+00:00,13,61,14.0
227,DarthGogeta,2013-09-23 08:36:12+00:00,3,1038,6.0
229,sleepingin,2012-04-15 18:54:33+00:00,5,91,8.0
230,ginganinja709,2012-07-02 00:18:33+00:00,12,16,2.0
232,willipsbrighton87,2013-08-05 15:07:39+00:00,30,250,11.0
233,SemiReliable,2012-06-22 20:14:11+00:00,9,66,13.0
234,ARturtle4751,2015-12-02 19:00:51+00:00,1,0,8.0
235,lucifer8246,2015-10-14 17:09:50+00:00,3,0,7.0
236,scottierowland,2013-01-19 03:31:35+00:00,53,244,5.0
237,throwthrow12231,2016-01-27 01:19:24+00:00,1,0,7.0
238,nsfwcross,2015-03-01 04:58:40+00:00,6,12,12.0
239,daverinderknecht,2015-12-25 17:59:27+00:00,2,31,9.0
240,thearnett,2013-04-10 01:23:42+00:00,8,36,9.0
241,NoriNatsu,2014-05-04 08:25:26+00:00,80,456,10.0
243,Lillani,2015-05-28 23:55:33+00:00,46,726,10.0
244,dukealadinstardust,2013-11-19 23:58:20+00:00,22,11,9.0
245,Sentient-Cactus,2016-08-26 00:47:14+00:00,13,199,8.0
247,darkbladetrey,2015-08-18 21:00:14+00:00,30,107,11.0
248,ElvisKnight86,2015-06-10 11:27:20+00:00,25,88,2.0
249,sepdog,2013-01-15 07:49:07+00:00,53,314,7.0
250,sagitec,2016-04-21 06:11:36+00:00,12,0,9.503511615343056
251,chozenelite,2016-04-01 22:32:14+00:00,8,58,9.0
252,HeyJude207,2015-10-02 05:55:28+00:00,7,14,10.0
253,pinotdazed,2014-08-20 20:19:13+00:00,22,81,8.0
257,PotatoCooks,2016-08-12 21:37:03+00:00,1,1,9.503511615343056
258,throwawayqazqaz2,2016-08-21 04:48:14+00:00,1,0,18.0
259,Mr_E_Wolf,2015-07-20 01:21:27+00:00,22,267,8.0
260,wesw02,2010-10-19 13:09:48+00:00,22,297,15.0
261,PapaSmurf_BITCH,2011-08-24 21:20:00+00:00,204,212,8.0
262,mmhawk576,2014-06-05 02:39:32+00:00,7,182,8.0
263,ageeksgirl08,2010-10-03 02:45:39+00:00,23,660,10.0
264,High_Sheep42,2015-01-28 19:55:55+00:00,2,22,8.0
265,StuartJ1210,2015-03-29 19:23:42+00:00,4,2,9.503511615343056
266,halodarkangel,2014-10-08 08:26:13+00:00,70,40,7.0
267,Momo254,2011-12-14 02:02:53+00:00,50,277,10.0
268,hinyang7,2014-09-27 02:19:51+00:00,9,13,9.0
269,kraftvgs,2010-01-16 06:26:08+00:00,10,162,16.0
270,HeyImEvan,2013-06-10 03:19:57+00:00,23,162,7.0
271,Nermish_121,2014-08-17 05:03:39+00:00,27,412,9.0
272,FollowLogos,2013-12-05 06:22:49+00:00,16,52,15.0
273,cookiemonsteroncsgo,2015-11-19 13:54:25+00:00,6,1,9.0
274,janeciabattari,2013-04-23 23:34:45+00:00,4,0,3.0
275,pageantresale,2016-02-15 05:17:38+00:00,143,0,2.0
276,shylocxs,2012-10-22 12:42:31+00:00,33,638,8.0
277,oldbaldfool,2010-04-09 15:55:00+00:00,17,922,7.0
278,SJW-in-training,2015-10-26 03:26:57+00:00,43,781,5.0
280,PistachioPlz,2013-11-11 21:55:36+00:00,45,442,7.0
281,tenderballz,2013-09-09 16:36:48+00:00,22,254,13.0
282,Meradon,2012-07-28 20:06:41+00:00,7,8,12.0
284,BobatheVet,2015-03-10 17:10:06+00:00,638,484,12.0
286,Shushruth007,2014-10-15 08:50:45+00:00,16,364,18.0
287,I-Am-Fodi,2012-11-23 05:40:42+00:00,23,70,7.0
288,Erikfa1k,2015-11-03 20:14:11+00:00,40,18,8.0
289,rapbattlemod,2014-04-24 13:38:17+00:00,152,9,9.0
290,uhhFiive,2015-07-18 22:50:30+00:00,69,170,5.0
291,futurehead22,2014-06-15 11:46:41+00:00,158,1119,2.0
292,Mr_Halloween,2013-07-09 05:35:27+00:00,36,241,5.0
293,spookyspooky1,2016-09-20 04:30:52+00:00,117,351,19.0
294,dropbearcub,2013-12-25 15:08:40+00:00,170,42,5.0
295,fabiobrocco18,2015-02-09 04:33:32+00:00,132,619,3.0
296,Greg_kot,2015-05-20 22:40:15+00:00,4,9,11.0
298,ayybasketballs,2015-02-06 22:35:18+00:00,42,919,9.503511615343056
299,WhitneyStar,2016-04-22 03:51:14+00:00,3,6,12.0
300,tomerc10,2013-10-09 23:22:57+00:00,204,836,7.0
301,peter12a,2016-04-15 10:19:45+00:00,2,0,3.0
302,OfficialFatmetal,2015-10-25 17:57:01+00:00,781,1450,14.0
303,Noah_Bro,2013-04-02 14:20:01+00:00,178,337,9.0
304,4tche2a,2015-08-29 11:33:51+00:00,1,2,9.503511615343056
305,SDV02,2015-10-14 17:10:34+00:00,20,72,6.0
306,Arbiship,2016-05-26 16:54:50+00:00,2,4,7.0
308,happyendingssuck,2014-08-26 16:58:41+00:00,34,132,9.503511615343056
309,InfernalFatality,2013-12-30 05:04:59+00:00,147,747,10.0
310,daz260,2016-10-29 15:09:35+00:00,2,0,9.503511615343056
313,trenon,2009-01-13 04:24:58+00:00,15,235,8.0
314,Robosheeple,2016-08-02 11:41:04+00:00,156,916,8.0
316,Wang_entity,2015-12-27 20:47:42+00:00,19,593,9.503511615343056
317,hoos_pmac,2014-01-06 17:02:40+00:00,20,51,10.0
318,SpringloadedGiraffes,2014-10-30 22:47:56+00:00,8,64,19.0
319,Zanowin,2012-07-25 00:18:58+00:00,189,1391,10.0
320,Dude_potato,2015-09-05 14:27:55+00:00,27,26,4.0
322,majan_pl,2011-09-22 19:41:46+00:00,27,106,8.0
323,blueskyvik,2015-08-04 18:59:02+00:00,29,42,8.0
324,madgrafx,2008-06-27 01:11:04+00:00,46,81,12.0
325,dencobster,2012-06-29 17:34:00+00:00,38,158,5.0
326,ethicalxhacker,2015-03-20 19:10:06+00:00,23,178,8.0
327,erersf,2016-09-26 17:03:05+00:00,7,16,12.0
328,The0nceAndFutureKing,2014-08-18 08:21:50+00:00,2,16,9.0
329,shulkario,2015-03-24 00:57:46+00:00,96,1224,11.0
330,Monophobian,2016-07-10 15:42:12+00:00,3,50,4.0
331,Throwawaybaby1256,2015-09-02 02:50:38+00:00,5,22,3.0
334,M__M,2011-12-13 09:21:11+00:00,3,41,16.0
335,Hirakhanpk,2015-11-12 12:14:20+00:00,3,0,11.0
336,TheInfectedHunter,2013-06-13 21:47:16+00:00,150,966,12.0
338,henryjeffernan,2015-06-08 19:50:05+00:00,91,105,3.0
339,Frogow,2015-07-25 18:50:54+00:00,20,32,9.0
340,nabhell,2014-03-12 19:32:42+00:00,18,38,9.0
341,thearmlessoctopus,2012-04-06 14:01:33+00:00,6,25,6.0
342,tentacularly,2010-07-23 03:20:22+00:00,52,1166,9.503511615343056
343,GetFiredup,2014-01-21 13:43:37+00:00,19,72,5.0
346,Alwaysfair,2013-11-19 12:26:29+00:00,86,1183,11.0
347,Mojod487,2015-11-02 17:36:15+00:00,31,46,11.0
348,Thaddman,2013-01-18 11:53:54+00:00,1,0,8.0
349,rob_the_tea_guy,2014-07-05 12:34:59+00:00,27,330,2.0
350,jedi2112,2013-03-13 19:03:04+00:00,553,317,18.0
352,maesterofwhisperers,2016-03-10 04:58:26+00:00,5,88,10.0
353,chansalean,2014-02-21 12:41:41+00:00,333,0,18.0
354,givemolly,2014-03-30 05:13:50+00:00,9,13,9.0
355,636rigger,2015-12-08 22:39:18+00:00,214,323,9.503511615343056
356,sweetbookremedy,2015-08-27 13:05:05+00:00,4,0,9.503511615343056
357,rickybobbyeverything,2014-04-17 06:08:55+00:00,17,198,9.503511615343056
360,eyeffensive,2011-08-15 12:38:42+00:00,22,364,9.503511615343056
362,Blackstrongpine,2016-06-20 05:46:01+00:00,449,307,17.0
364,Firecrackers,2013-08-01 16:52:33+00:00,201,748,12.0
365,tonyyy555,2015-10-16 11:16:09+00:00,1,0,6.0
367,KVillain,2012-03-07 22:24:25+00:00,10,188,5.0
369,notforsall,2015-03-15 04:25:26+00:00,271,926,2.0
370,ZazzRazzamatazz,2014-09-30 01:14:16+00:00,6,400,18.0
372,MBS_theBau5,2012-03-23 17:21:14+00:00,182,133,16.0
373,danny88sx,2016-07-24 04:54:02+00:00,1,11,9.0
374,TheLaw95,2016-07-18 14:42:09+00:00,9,48,8.0
375,WolfgangAmadeusBen,2016-04-22 14:30:20+00:00,2,1,10.0
376,cutty2k,2012-07-24 08:59:59+00:00,37,1146,3.0
377,williamspreston44,2016-01-04 05:08:17+00:00,2,1,19.0
378,LilLottie,2014-03-29 08:45:12+00:00,1,5,3.0
380,MMD3_,2012-11-19 08:28:32+00:00,9,43,15.0
381,unbreaKwOw,2012-09-16 16:53:52+00:00,141,648,20.0
382,cricketmaniamahi,2016-09-17 20:32:37+00:00,3,0,9.503511615343056
383,ItalianJedi,2015-01-25 07:28:39+00:00,1,1,9.503511615343056
384,aznapwned,2012-07-27 22:41:19+00:00,23,272,9.0
385,HandsomeCanadianStud,2016-09-04 08:10:23+00:00,1,0,10.0
386,Legendofkevin,2014-03-27 19:43:10+00:00,8,166,9.0
387,isusukristus,2015-09-06 15:52:50+00:00,50,0,11.0
388,Sojali,2015-06-22 16:47:58+00:00,55,173,9.0
389,ewlandon1,2016-05-08 15:06:11+00:00,18,195,14.0
391,ThatguySteele,2016-08-10 21:49:34+00:00,6,33,13.0
392,lazybastard1988,2009-04-21 18:27:03+00:00,1,8,11.0
394,whirl_bill,2013-08-18 06:51:22+00:00,2,14,16.0
395,nsfwmetro,2013-08-01 11:19:01+00:00,259,39,11.0
396,poedgirl,2011-02-08 04:13:30+00:00,8,87,9.503511615343056
399,rabidehm,2009-08-11 14:30:12+00:00,6,21,18.0
400,PeppyMocha3,2015-12-11 02:41:22+00:00,108,492,14.0
401,AlexandNord,2015-04-26 16:27:05+00:00,467,852,8.0
402,Cat_Lover7,2016-01-29 18:58:55+00:00,7,15,9.0
403,houseoffaucis,2014-12-28 03:41:33+00:00,50,117,19.0
404,flock_of_meese,2013-10-14 01:46:42+00:00,82,240,10.0
405,kingsuge,2013-02-26 05:55:25+00:00,9,58,5.0
406,nvm8D,2012-08-27 23:53:37+00:00,17,99,7.0
407,TactfulEver,2010-04-07 08:50:29+00:00,29,512,5.0
408,lonethesmurf,2014-05-25 01:13:21+00:00,11,209,2.0
409,peter_veres,2015-11-30 12:30:17+00:00,11,4,9.0
411,madethisforposts,2015-03-09 23:24:27+00:00,41,382,7.0
412,reversemicrowave,2012-07-15 14:25:30+00:00,40,129,9.503511615343056
413,seant9999,2012-03-25 19:28:18+00:00,4,11,7.0
414,solomonmartinez,2016-04-14 19:30:47+00:00,314,393,10.0
415,licentio,2014-11-16 21:35:41+00:00,53,204,3.0
416,Multiplex237,2015-10-21 01:36:49+00:00,159,484,7.0
417,a-kozub,2016-08-25 10:21:07+00:00,1,0,8.0
418,JustHiro,2016-03-27 11:23:20+00:00,100,6,4.0
420,Charge1992,2014-09-14 18:36:09+00:00,63,545,9.0
422,Kwuahh,2012-08-02 08:56:17+00:00,98,780,3.0
423,glitchisgod,2012-08-30 21:16:30+00:00,29,137,2.0
424,megaflory,2016-03-24 07:37:37+00:00,4,2,9.503511615343056
425,HaddyHaddy49,2016-09-06 16:30:28+00:00,1,0,14.0
426,tima_2307,2016-07-09 20:01:58+00:00,73,147,9.0
427,Wizardofgreece,2016-09-17 18:13:47+00:00,1,0,9.0
428,karataska,2016-07-20 17:35:47+00:00,222,38,8.0
429,12345littlepeople,2015-04-05 20:02:18+00:00,29,19,8.0
430,Dabamajo,2014-03-27 06:11:00+00:00,9,153,3.0
431,mousefoe,2014-09-26 19:46:08+00:00,17,184,9.503511615343056
432,fsibpsecond,2015-11-27 19:14:23+00:00,19,17,10.0
434,bonerections,2015-10-15 18:38:09+00:00,7,16,19.0
435,stratplayer1988,2014-06-06 07:50:52+00:00,7,1,7.0
436,dragonforsnoob,2015-10-02 05:55:02+00:00,14,19,8.0
437,thediabetessolutions,2016-08-19 13:45:59+00:00,16,0,8.0
438,mick_jaggers_penis,2013-08-27 00:18:32+00:00,6,1054,10.0
439,jacketjockey,2014-06-09 04:57:51+00:00,9,43,11.0
441,BankingCarolus,2016-05-20 12:31:56+00:00,4,132,7.0
442,NotoriousEnemy12,2012-07-17 08:13:01+00:00,76,320,6.0
443,TheGoobatron,2014-02-15 16:05:41+00:00,6,534,8.0
444,CORDELIA_sim,2015-08-11 05:00:15+00:00,74,959,4.0
446,sundaysecret,2014-09-27 01:08:28+00:00,34,38,14.0
447,ji209,2015-11-23 17:36:43+00:00,1,0,20.0
448,Shangtia,2012-06-16 15:07:02+00:00,31,24,18.0
449,kg68,2016-03-17 03:34:44+00:00,22,91,11.0
450,Flufles,2013-02-01 14:34:04+00:00,18,93,9.503511615343056
451,innovert,2015-02-07 11:03:06+00:00,41,100,2.0
452,JimmyAJames,2015-04-29 04:08:07+00:00,352,993,9.0
453,DarkJedi3000,2014-01-01 03:49:34+00:00,380,180,9.0
454,rabonj2073,2013-06-02 03:33:35+00:00,24,68,11.0
456,smutty-throwaway,2015-10-01 09:50:46+00:00,30,0,9.503511615343056
457,SpamTake2,2015-12-11 18:24:40+00:00,3,3,9.0
458,BADF1SH_IV,2013-10-29 15:02:37+00:00,55,277,3.0
459,FuzzyManPeach,2011-11-06 15:34:43+00:00,32,170,6.0
460,brianzeng1999,2015-12-31 12:01:46+00:00,17,2,9.0
461,garrettj100,2013-09-26 19:00:54+00:00,35,854,9.0
462,Chuee50,2016-04-16 23:15:29+00:00,14,67,17.0
463,NSRshien,2015-06-14 22:22:17+00:00,650,67,6.0
464,Dastheman,2016-02-21 00:48:48+00:00,18,5,9.0
465,realzonder,2015-06-19 18:27:34+00:00,23,134,9.0
466,skippy1347,2011-05-21 17:39:15+00:00,3,17,9.0
468,OpenSign,2013-11-09 20:23:57+00:00,14,583,12.0
469,TheLipster,2016-06-09 13:29:52+00:00,2,22,12.0
470,cheesedog22,2009-12-20 02:23:13+00:00,8,9,8.0
471,cyclopsgd,2014-05-23 20:31:24+00:00,70,629,9.503511615343056
472,Hen-Ecch,2014-10-08 10:03:09+00:00,481,649,9.0
474,pengo,2007-07-17 13:11:01+00:00,195,885,8.0
478,facepalm_the_world,2013-05-30 23:50:16+00:00,6,184,9.0
480,DeadlineHD,2015-04-01 19:40:46+00:00,3,0,9.0
481,throwaway672920,2015-07-27 01:07:41+00:00,27,1266,5.0
482,Legoluigi00,2015-02-27 03:24:03+00:00,85,183,7.0
483,cdnutter,2012-02-14 00:02:02+00:00,32,324,10.0
484,crabster_b,2015-07-26 17:58:16+00:00,690,13,13.0
485,jaewalked,2016-07-24 15:22:14+00:00,12,39,17.0
486,shapedlikeatriangle,2015-12-20 17:39:35+00:00,14,153,17.0
488,courtneyrachh,2016-02-24 14:48:15+00:00,13,120,10.0
489,Pugman97,2016-08-13 22:27:09+00:00,3,4,12.0
491,sam_ua,2015-09-12 16:48:52+00:00,92,75,9.503511615343056
492,ayylmao420noscope,2015-01-23 02:26:25+00:00,53,642,9.503511615343056
493,FuneralCasket,2016-04-29 00:20:22+00:00,355,634,8.0
494,justarandomshooter,2013-04-15 15:39:24+00:00,30,1116,8.0
495,jd52995,2013-07-20 20:08:04+00:00,40,1478,13.0
497,shootflexo,2015-09-02 16:49:11+00:00,73,301,10.0
498,Atte18,2015-11-15 17:24:07+00:00,72,12,11.0
499,Millionaire_,2015-07-27 19:54:34+00:00,257,1474,11.0
500,EmynArnen,2014-07-31 09:11:56+00:00,110,662,5.0
501,ItsRyaN27,2016-07-14 19:22:12+00:00,20,325,5.0
502,notwhoiamanymore,2015-02-16 02:24:03+00:00,13,64,8.0
503,tempk,2015-12-14 23:49:42+00:00,1,4,5.0
504,daovud,2016-02-07 22:37:19+00:00,7,81,3.0
505,Kjostid,2012-08-15 08:43:43+00:00,86,217,4.0
506,AbutreSensual,2015-01-10 12:16:09+00:00,32,29,8.0
507,NIEJETOTAK,2015-03-04 12:41:37+00:00,210,4,8.0
508,stealthmatt,2010-11-08 18:49:25+00:00,23,75,6.0
512,MarshallMx,2012-12-07 12:53:14+00:00,74,34,3.0
513,HoochIsCraaaazy,2014-12-11 21:17:05+00:00,49,778,9.0
514,Benjajinj,2011-12-23 09:38:28+00:00,55,826,9.503511615343056
515,Ryoutarou97,2015-09-09 01:52:54+00:00,27,1586,17.0
516,jaejae26,2014-07-21 17:23:34+00:00,7,1002,8.0
517,ZyggiLP,2013-03-10 21:14:14+00:00,3,19,2.0
518,ramith1,2015-08-04 13:51:51+00:00,19,48,3.0
519,iWannyBoy,2015-03-19 17:30:47+00:00,28,130,9.503511615343056
520,R13Nielsen,2015-12-26 02:21:47+00:00,26,508,13.0
521,PregnantTaco,2013-11-08 03:52:10+00:00,42,288,3.0
522,Reff42,2013-10-03 03:40:18+00:00,26,656,9.0
523,AspenxNL,2016-08-31 17:25:29+00:00,27,2,9.0
524,just_joined_reddit_,2015-09-18 06:24:25+00:00,5,5,11.0
525,CoolDragon,2007-01-20 02:11:40+00:00,39,236,3.0
526,glynnardskynyrd5469,2015-06-30 00:51:31+00:00,2,2,15.0
527,sashatlhs,2012-01-07 03:04:46+00:00,6,38,8.0
528,fivefootone16,2015-05-30 00:42:37+00:00,2,1,2.0
530,bb0589,2016-08-20 01:28:42+00:00,532,1411,3.0
531,MyNameIsDelta,2016-06-19 04:08:04+00:00,14,3,8.0
534,saka111,2015-07-12 12:04:04+00:00,205,905,16.0
535,ninwinz,2014-10-18 20:33:21+00:00,42,721,10.0
538,idanie,2015-03-28 14:31:25+00:00,248,409,12.0
539,Imallabouthetaste,2014-11-18 08:40:48+00:00,5,15,11.0
541,marquisad98,2013-01-20 16:27:36+00:00,54,364,11.0
542,heyenikin,2012-08-21 19:11:24+00:00,79,991,9.503511615343056
543,AlpineBear1,2015-07-18 06:31:05+00:00,56,562,20.0
545,WhatInSe7enHells,2015-09-06 20:03:30+00:00,49,1142,10.0
546,Appletank,2014-02-26 07:43:49+00:00,16,294,15.0
547,icysuspect,2013-01-09 02:33:15+00:00,119,555,11.0
548,idahopotatoes,2012-09-05 23:17:43+00:00,8,60,9.503511615343056
549,darth_sausage,2014-11-25 00:43:07+00:00,10,46,18.0
550,ibeathrowawaymate,2015-09-19 10:15:41+00:00,1,3,8.0
551,dingusgringus,2016-01-25 04:03:15+00:00,8,183,2.0
552,MurdokX,2014-01-22 17:32:33+00:00,158,14,3.0
553,namelessfeline,2015-04-14 22:42:11+00:00,32,417,8.0
554,17link7,2015-07-23 18:40:32+00:00,210,465,9.0
555,StunPumpkin,2014-12-24 20:33:55+00:00,72,226,13.0
557,JonNYBlazinAzN,2011-10-25 21:26:22+00:00,46,1158,20.0
559,dantalyian,2015-07-31 03:24:37+00:00,36,404,7.0
560,sciolism90,2014-07-03 22:00:49+00:00,2,8,2.0
562,frankdilliams,2014-12-11 00:24:56+00:00,64,568,4.0
563,Rhody1337,2015-12-28 16:02:46+00:00,1,0,8.0
564,WinsomeJesse,2016-05-28 00:08:15+00:00,224,370,7.0
567,GMachina,2015-11-05 20:55:17+00:00,85,76,5.0
569,ThePopBoys,2016-06-29 07:58:57+00:00,58,514,8.0
571,Rekt-exe,2015-07-09 15:47:48+00:00,12,27,9.503511615343056
572,forum8417,2012-11-17 21:28:53+00:00,82,602,9.0
573,verticalcoloum,2015-12-23 20:15:15+00:00,1,0,20.0
574,imuthes-g,2015-02-24 20:20:12+00:00,3,12,8.0
575,thelivingmyth,2012-10-06 07:51:44+00:00,54,313,8.0
576,mrbobathan,2014-11-05 04:01:20+00:00,17,79,10.0
577,Cryingintheshower,2012-07-11 22:16:45+00:00,36,176,9.503511615343056
578,Krookes,2014-12-21 00:39:23+00:00,5,5,12.0
580,repoman,2007-05-03 19:32:56+00:00,67,947,2.0
581,curiosity_the_rover,2012-08-12 12:38:54+00:00,46,600,9.0
582,Marinersfan17,2016-04-08 23:01:54+00:00,19,350,12.0
583,bobleflambeur,2012-08-07 19:30:28+00:00,357,177,9.0
585,assmuffin156,2013-02-10 02:49:16+00:00,193,1338,13.0
586,jerry_ishere,2014-10-14 19:30:59+00:00,22,269,20.0
588,mr_glasses,2012-10-07 00:47:23+00:00,16,738,9.0
590,amanager,2015-01-22 19:53:03+00:00,35,170,12.0
591,bloodscourge,2012-01-31 04:26:42+00:00,95,557,8.0
592,stonerfish,2015-04-26 12:05:50+00:00,2,0,17.0
593,KrispyKareemAbduljbr,2015-02-04 02:45:38+00:00,5,2,11.0
595,wolvestooth,2012-04-10 04:06:42+00:00,65,818,10.0
596,TheEverWatchful,2014-07-25 12:54:11+00:00,92,139,19.0
597,RyanHayabusa,2013-01-09 20:19:07+00:00,26,73,7.0
598,okinawalinuxfan,2011-10-18 11:00:00+00:00,48,173,7.0
599,Countdown369,2012-12-08 23:09:11+00:00,132,699,2.0
600,PeanutBlocks,2015-05-08 02:23:57+00:00,17,133,2.0
601,Hey-Crabman,2015-08-31 01:02:14+00:00,4,116,9.503511615343056
602,SergayBoobtitsky,2015-03-04 23:35:24+00:00,131,655,8.0
605,Lemondishsoap,2016-01-26 17:56:32+00:00,3,12,9.503511615343056
606,Ppacillo,2016-05-28 09:45:50+00:00,2,2,2.0
607,Cassie_1991,2014-10-06 00:47:49+00:00,10,28,9.0
608,krajerino,2015-06-13 20:53:17+00:00,20,322,18.0
609,Liplok,2015-09-20 17:16:03+00:00,325,896,2.0
610,woti94,2015-12-13 22:31:59+00:00,475,338,9.503511615343056
612,Mar69vin,2015-09-29 18:16:49+00:00,20,3,11.0
613,clementnkw,2015-06-28 11:22:57+00:00,132,109,10.0
614,Edinmeister,2015-07-30 00:39:12+00:00,207,430,19.0
616,doorscanopen,2015-06-07 08:50:34+00:00,17,69,20.0
617,dpenitrizzle,2015-08-21 18:40:53+00:00,185,683,13.0
618,maryjane0614,2012-01-16 06:04:26+00:00,6,11,9.503511615343056
619,EnergyHealer257,2015-10-20 20:30:55+00:00,141,927,5.0
620,CrimsonFoxGirl,2013-01-09 11:22:39+00:00,44,167,2.0
621,TheDragonoftheWheel,2015-06-21 21:04:39+00:00,6,20,13.0
622,sylverr_47,2011-12-24 07:50:42+00:00,443,1386,17.0
623,HotSatin,2016-09-15 00:51:35+00:00,54,596,13.0
624,johntron3000,2014-11-04 00:13:17+00:00,10,345,14.0
625,ReverendPyewipe,2012-11-18 18:22:38+00:00,64,276,12.0
627,JCC87,2013-07-16 14:54:32+00:00,221,191,4.0
628,thehypnotoaddd,2015-07-26 14:20:30+00:00,4,4,10.0
629,iBr0kenB0nes55,2012-04-10 11:36:38+00:00,27,187,8.0
630,ghoststory,2011-06-18 04:49:33+00:00,6,469,11.0
632,Ruggervt14,2013-12-31 12:33:08+00:00,15,49,8.0
633,julianlev,2016-03-19 14:09:45+00:00,79,141,2.0
634,mic_czech,2016-01-23 15:03:17+00:00,2,2,9.503511615343056
636,Audemus,2013-12-11 01:18:12+00:00,40,314,13.0
637,Filmkid7,2013-09-13 23:06:38+00:00,6,82,12.0
638,13striden,2013-10-20 03:51:21+00:00,23,91,11.0
640,Wolfiewolf111,2016-07-04 22:15:23+00:00,25,12,9.503511615343056
641,randomdude3100,2015-04-06 04:44:27+00:00,9,9,4.0
642,Zilzza,2014-05-23 03:56:31+00:00,21,372,6.0
643,frickoffanddie,2016-10-02 19:44:12+00:00,25,32,11.0
644,dark_wookiee,2015-09-24 04:03:35+00:00,4,5,6.0
645,supasaijan,2015-08-26 22:27:13+00:00,46,50,11.0
647,Russianvodka,2011-08-28 17:20:02+00:00,9,46,11.0
648,Salami98,2013-07-19 15:15:03+00:00,13,122,6.0
650,TroubledTossaway,2015-10-03 11:49:14+00:00,1,39,10.0
652,SpecNazz,2016-03-26 02:26:18+00:00,4,5,7.0
653,cocksucker465,2015-06-12 05:21:07+00:00,104,75,8.0
654,__notmyrealname__,2014-06-07 21:05:59+00:00,9,236,2.0
656,ricardofayet,2014-08-25 09:05:03+00:00,42,90,9.0
657,DinosaurTsunami,2013-10-20 16:00:19+00:00,427,147,9.0
658,not_yet_named,2014-06-12 14:13:19+00:00,9,177,18.0
659,Sn0rlax666,2015-07-24 04:14:36+00:00,1,1,16.0
660,critikalhd,2014-08-30 18:19:31+00:00,52,582,11.0
662,baconhwang,2015-01-11 02:44:55+00:00,84,702,8.0
663,gelosmelo,2014-12-01 19:19:02+00:00,96,353,2.0
664,spectrumviewpoint,2016-01-14 15:10:32+00:00,1,48,12.0
665,theBuddhaofGaming,2014-04-07 04:41:48+00:00,23,177,19.0
666,Bruhuha,2015-02-18 05:04:23+00:00,20,104,10.0
667,Evan503monk,2013-07-14 01:37:21+00:00,38,281,18.0
670,N3234KA,2014-04-15 23:00:54+00:00,186,928,9.0
671,Archon6,2015-10-09 18:44:21+00:00,9,21,8.0
672,Moveinslience,2015-11-23 05:45:51+00:00,184,698,9.503511615343056
674,Bugsly,2013-04-22 02:46:27+00:00,28,55,9.0
676,Hubblesphere,2015-01-12 19:01:55+00:00,76,648,20.0
678,Ezgru,2016-06-07 18:46:41+00:00,25,161,2.0
681,pasodoff,2011-01-03 11:57:43+00:00,13,31,12.0
682,RylieMC,2015-11-04 20:05:04+00:00,30,883,20.0
683,7hopesaw,2014-03-22 11:19:41+00:00,22,76,9.503511615343056
684,kilikina215,2015-02-08 01:35:59+00:00,10,53,11.0
685,Often_Tilly,2015-06-14 12:33:22+00:00,51,708,10.0
686,refusedeny,2015-11-20 22:19:08+00:00,15,161,6.0
687,jpspring,2014-05-28 15:03:19+00:00,235,468,9.503511615343056
688,Highelf04,2014-07-25 10:42:24+00:00,70,718,3.0
690,COHL7500,2015-07-14 19:38:23+00:00,121,1113,3.0
692,GiveMeAUser,2013-07-28 19:43:55+00:00,12,786,11.0
693,ChosenCharacter,2014-03-11 20:10:45+00:00,42,800,5.0
694,bhcks,2016-04-20 22:58:27+00:00,6,0,19.0
695,caiiiius,2014-12-19 14:14:16+00:00,21,1021,11.0
697,theminipea,2016-07-15 16:55:12+00:00,82,10,11.0
699,hborrgg,2014-02-26 21:21:53+00:00,115,1102,9.503511615343056
700,Multivers,2013-01-01 23:51:58+00:00,5,188,8.0
701,starfishbfg,2014-08-23 08:06:58+00:00,19,495,18.0
702,TheItinerantSkeptic,2015-07-17 20:01:48+00:00,29,380,9.0
703,LeonardoFibonacci,2011-06-17 15:32:35+00:00,18,130,9.503511615343056
704,blackangel87,2015-05-04 16:56:43+00:00,31,88,9.503511615343056
705,hockeymisfit,2012-09-30 05:16:46+00:00,168,1338,10.0
706,kanagile,2016-02-02 16:05:02+00:00,13,395,10.0
708,eeeeera,2015-11-30 01:28:09+00:00,1,2,10.0
710,samw139,2014-10-08 16:55:14+00:00,26,112,11.0
711,Diarykiller,2012-01-05 13:54:10+00:00,27,413,4.0
712,jerebine,2015-05-01 00:34:22+00:00,5,76,13.0
713,OfMugsAndDoughnuts,2014-01-18 16:34:53+00:00,6,18,5.0
714,cs132,2011-10-09 20:15:26+00:00,16,22,10.0
715,SadKirby,2014-08-20 23:38:58+00:00,7,123,7.0
716,BillW77,2011-11-01 00:28:46+00:00,36,122,16.0
717,nitehawk39,2012-06-04 18:36:45+00:00,70,229,8.0
718,oOPassiveMenisOo,2013-08-25 00:18:04+00:00,68,221,17.0
719,chccharlotte,2015-10-09 13:57:48+00:00,17,0,10.0
720,YippeeKiYay21,2014-12-11 16:48:19+00:00,118,3,16.0
721,Bazt,2016-03-12 12:13:22+00:00,60,25,3.0
722,Pillywiggins,2013-10-10 22:03:02+00:00,1,5,8.0
723,lilsneacky509,2015-08-20 22:44:25+00:00,109,23,19.0
724,markojevtic,2014-11-21 08:45:19+00:00,37,24,9.503511615343056
726,industrysucks,2014-02-27 10:38:56+00:00,7,24,12.0
728,RutD0g,2014-06-04 22:08:40+00:00,134,1423,11.0
729,buyfreehold,2016-07-26 10:00:13+00:00,5,0,15.0
730,drizzleclown,2015-01-25 21:25:42+00:00,64,340,9.0
732,rograinbowdash,2013-06-16 21:08:11+00:00,27,25,8.0
733,Vash1990,2015-03-22 08:05:27+00:00,13,80,19.0
734,MyPhallicObject,2015-07-22 03:54:49+00:00,143,204,10.0
735,cloudreflect,2016-07-08 11:42:17+00:00,1,0,11.0
736,polarbear625,2015-12-16 21:07:35+00:00,1,0,9.503511615343056
737,deerdido,2015-10-02 02:02:10+00:00,28,13,7.0
739,WalkingVirusGaming,2015-11-03 04:23:37+00:00,75,1061,10.0
740,Boltz999,2012-08-29 18:30:44+00:00,4,79,9.503511615343056
741,mrsanonymousidiot397,2014-07-13 13:04:11+00:00,23,91,12.0
744,mmonstern7,2016-07-04 23:29:35+00:00,14,7,9.503511615343056
745,Synbrez,2013-09-13 19:22:58+00:00,5,63,9.503511615343056
747,EntJunkie,2014-03-12 20:11:28+00:00,6,0,8.0
748,UKrypto,2015-04-02 00:54:56+00:00,49,351,7.0
749,CSGODeimos,2015-10-12 17:59:29+00:00,118,679,11.0
750,Hagane_no,2014-11-30 12:36:16+00:00,20,1123,10.0
751,CherryTeaaa,2016-01-16 15:07:26+00:00,2,19,9.0
752,culraid,2009-07-27 10:46:31+00:00,138,951,9.0
753,counttess,2010-10-29 08:48:41+00:00,94,272,8.0
754,jedgurr,2015-01-04 03:20:46+00:00,7,75,20.0
755,somefunkyguy,2015-12-04 13:17:41+00:00,8,88,6.0
757,lob_city_clips,2013-01-02 18:51:17+00:00,1,0,10.0
758,Itsbrown4606,2014-06-26 01:33:29+00:00,268,310,17.0
759,longtime_lurker_here,2016-06-08 02:50:25+00:00,4,19,15.0
760,dnasty187,2014-02-07 06:39:01+00:00,27,91,20.0
762,testing78378,2011-02-04 00:18:40+00:00,218,120,7.0
763,gaurflats1,2016-02-14 09:17:05+00:00,5,0,19.0
764,Perriwen,2012-06-05 11:06:14+00:00,209,968,10.0
765,SenatorUppercut,2010-12-14 02:36:45+00:00,3,60,7.0
766,st3veo,2015-06-24 13:53:23+00:00,12,21,9.503511615343056
769,classtraitor,2013-12-10 07:35:22+00:00,373,450,13.0
770,Contrathesmuggler,2014-10-04 22:29:31+00:00,238,1263,12.0
772,PM_ME_UR_KOALAS,2014-08-10 10:14:38+00:00,7,94,2.0
774,frostfall010,2015-09-11 20:24:20+00:00,11,148,7.0
775,RaidedByVikings,2015-09-20 22:53:41+00:00,75,745,11.0
777,pluka,2014-09-30 21:33:16+00:00,7,12,3.0
778,Soulaixx,2015-09-26 21:28:51+00:00,170,4,6.0
780,Briighteyes16,2009-08-16 04:13:12+00:00,141,546,10.0
781,bwuki,2013-04-26 05:03:49+00:00,123,345,11.0
782,fletcherDCE,2013-10-08 21:33:11+00:00,12,70,4.0
784,ixReckless,2014-02-05 21:01:59+00:00,39,85,2.0
786,Shambaliano,2015-02-23 21:50:34+00:00,1,6,20.0
787,ComoK,2015-05-14 08:35:26+00:00,34,1095,10.0
788,LRose1825,2015-07-16 23:59:24+00:00,31,734,9.503511615343056
789,Thibaud213,2016-04-24 18:53:41+00:00,10,54,7.0
790,Evil_von_Scary,2014-12-18 14:30:53+00:00,72,226,8.0
792,bazzagibb,2015-01-20 05:35:36+00:00,1,11,9.503511615343056
793,angrygnome18d,2014-04-16 21:05:49+00:00,45,623,3.0
795,KuriousGamer,2015-09-08 00:06:25+00:00,1,1,9.0
796,nekoexmachina,2016-03-10 19:31:03+00:00,68,986,8.0
797,ubercoo,2012-06-21 21:12:29+00:00,198,617,17.0
798,aeiou11235,2010-11-15 07:03:13+00:00,1,0,9.503511615343056
799,aer0des1gn,2014-12-28 23:34:16+00:00,13,266,7.0
800,Gruesome_Twosome,2013-03-15 03:15:14+00:00,7,7,7.0
801,Cerollsnejhd,2016-04-24 18:17:48+00:00,2,0,20.0
803,Jummychu,2013-01-19 13:06:26+00:00,4,6,5.0
804,crazyfundamental,2013-11-14 01:00:33+00:00,3,6,7.0
806,wuttsreddit,2015-05-21 18:37:14+00:00,128,717,9.503511615343056
807,amb3rly11,2013-06-02 11:26:58+00:00,49,479,3.0
808,Gibbinthegremlin,2015-07-01 21:54:22+00:00,126,310,4.0
809,thenovascotian17,2014-09-27 02:12:52+00:00,69,78,8.0
811,LuciaRoldan,2015-11-26 20:33:00+00:00,1,0,6.0
812,fu11m3ta1,2012-04-15 19:51:53+00:00,15,644,17.0
813,Lpup,2012-01-01 19:47:00+00:00,118,730,9.503511615343056
814,Cults3D,2016-02-12 17:28:56+00:00,64,65,7.0
815,ihate_reddit,2015-12-29 17:15:15+00:00,42,1001,12.0
816,marialarrea80,2015-09-03 13:55:56+00:00,21,57,10.0
817,Trandoshan,2012-07-01 02:34:19+00:00,11,137,7.0
818,SomeRandomGuyyy1,2015-07-21 21:41:55+00:00,18,33,9.503511615343056
819,alambok,2014-02-04 12:42:34+00:00,28,35,12.0
820,apollorockit,2011-03-08 15:40:09+00:00,217,1012,11.0
821,AdamF1337,2012-07-23 23:06:42+00:00,8,40,13.0
823,pedrinholuizf,2015-06-23 18:31:23+00:00,71,276,17.0
824,i_am_zero,2012-08-13 11:06:01+00:00,6,41,10.0
827,c0nman9,2012-08-09 11:38:05+00:00,22,211,20.0
828,Chocow8s,2012-03-21 03:09:43+00:00,814,1615,7.0
829,CockadileSlurpeeFart,2015-08-06 16:08:39+00:00,20,239,6.0
830,sandwichstevee,2014-05-15 04:35:05+00:00,41,38,13.0
831,XNooBKilleRx,2015-03-20 14:19:42+00:00,8,11,16.0
833,lightblade76,2016-05-28 19:14:21+00:00,18,55,10.0
834,asdfAlec,2016-06-10 15:15:03+00:00,44,239,6.0
835,SpinningBPH,2016-06-15 16:15:26+00:00,5,10,12.0
836,galakfryar,2014-12-27 01:14:34+00:00,267,548,5.0
837,easy_mak,2011-11-08 22:11:34+00:00,59,906,9.503511615343056
838,whodey17,2013-04-19 16:58:21+00:00,52,905,3.0
839,lfwilson,2014-08-14 00:49:07+00:00,17,90,19.0
840,tjosti,2015-08-14 13:39:01+00:00,6,42,10.0
843,KeeperOfCoats,2016-02-28 01:59:21+00:00,125,1326,9.503511615343056
844,Vhanrox,2015-05-05 22:53:47+00:00,5,129,4.0
845,BassChakra,2016-05-01 02:06:53+00:00,6,49,11.0
847,cphcider,2011-08-16 03:18:50+00:00,32,548,18.0
850,breeks,2011-12-01 02:38:34+00:00,13,173,8.0
851,_H2Omelon_,2014-10-17 18:04:16+00:00,7,29,17.0
852,adrianomaini,2010-09-19 11:13:22+00:00,263,0,10.0
853,almazan312,2010-10-10 07:04:22+00:00,32,93,11.0
854,teneas,2015-01-08 15:55:04+00:00,2,14,9.0
855,wildism,2016-01-17 04:10:06+00:00,366,394,9.0
856,Capt_Nettles,2011-09-04 23:49:55+00:00,29,175,8.0
857,ojams,2015-04-10 15:03:07+00:00,22,829,9.0
858,christballs,2011-03-16 15:31:01+00:00,10,320,7.0
859,fuffy_frog,2012-10-23 12:19:49+00:00,23,21,20.0
860,dnlfrc,2015-06-01 19:15:24+00:00,43,1378,10.0
861,leyou,2011-03-30 17:37:05+00:00,36,1454,10.0
864,ajwells007,2012-02-21 02:59:49+00:00,152,334,5.0
865,CreedOfMiles,2013-01-22 22:24:08+00:00,105,1003,9.503511615343056
866,LeissonStation,2015-01-23 13:14:38+00:00,11,86,12.0
868,sparkymcdanger2,2014-10-28 00:06:43+00:00,50,106,9.0
869,lifeisgreat_101,2015-08-16 14:58:06+00:00,1,5,12.0
870,7357153793,2016-04-12 09:52:35+00:00,7,3,2.0
871,niconoir,2015-09-13 13:37:32+00:00,1,0,9.503511615343056
872,ThrowAway-NYNY,2016-04-17 11:47:50+00:00,2,7,16.0
873,resistanceisfragile,2013-07-01 11:01:04+00:00,10,159,8.0
874,Blastr0,2014-10-24 12:21:53+00:00,71,127,18.0
876,Iammackka,2016-10-01 06:15:07+00:00,14,9,9.0
877,Vivalafire,2014-09-12 20:03:28+00:00,65,84,11.0
878,Mauvefordandsons,2016-10-31 22:48:15+00:00,1,1,10.0
879,ramenmeal,2010-04-26 16:15:14+00:00,36,565,10.0
880,nagrathon,2014-03-16 05:33:04+00:00,41,325,20.0
881,jd838,2015-07-10 01:49:49+00:00,15,98,4.0
882,imrightman,2011-07-12 16:21:53+00:00,1,14,7.0
883,rgdts,2015-01-11 18:27:03+00:00,79,79,10.0
884,dildoodlid,2016-09-01 02:07:08+00:00,23,251,12.0
885,puttheremoteinherbut,2011-05-17 15:28:22+00:00,32,261,3.0
886,Sqeagy,2015-08-22 01:55:12+00:00,354,1452,9.0
887,Lmen1990,2011-10-03 04:20:25+00:00,11,450,8.0
888,negroid9000,2014-07-13 21:11:06+00:00,6,0,9.0
889,g-spot_adept,2012-10-09 21:05:03+00:00,62,1522,12.0
890,Nomad47,2012-07-11 17:51:54+00:00,153,111,9.0
891,Thermikz,2015-11-03 19:19:51+00:00,149,1102,17.0
893,Lim92,2015-01-21 00:13:15+00:00,1,8,10.0
894,MTDomination,2016-04-01 19:09:30+00:00,187,460,8.0
895,karruu,2016-07-29 15:07:33+00:00,21,47,18.0
896,AmerieHartree,2013-10-03 17:55:55+00:00,345,326,7.0
897,ThisisVinnyC,2011-12-31 20:00:20+00:00,14,64,9.503511615343056
898,Petie1106,2016-07-18 21:16:07+00:00,2,0,9.0
899,asangasa,2015-12-16 02:31:44+00:00,45,0,18.0
901,chainsmokers1,2016-07-27 22:42:27+00:00,171,147,13.0
902,greenedge,2013-10-09 13:27:18+00:00,13,49,9.0
903,Fiddledfingers,2013-09-09 23:43:39+00:00,42,223,8.0
904,bachmeier,2012-08-12 01:51:42+00:00,57,96,9.0
905,abyssmalvoid,2016-01-25 01:47:06+00:00,69,345,9.503511615343056
906,Androidmate007,2016-02-07 07:06:32+00:00,2,1,11.0
907,rgsteele,2008-07-17 19:34:37+00:00,6,284,13.0
908,XblZephria,2014-07-28 20:37:17+00:00,503,567,9.503511615343056
909,xanax_Question,2016-06-16 08:40:29+00:00,1,0,10.0
910,campex,2011-09-05 23:06:57+00:00,3,14,14.0
911,drewgarr,2013-02-08 23:11:10+00:00,588,1334,8.0
912,Priyasoma,2014-04-13 06:12:15+00:00,222,416,9.0
915,Denzel5,2013-04-20 09:54:48+00:00,3,25,6.0
916,Sanira_Greystark,2015-04-28 07:40:52+00:00,8,264,6.0
919,1TARDIS2RuleThemAll,2015-02-12 06:23:25+00:00,153,515,10.0
920,Mulleary,2013-11-23 00:29:25+00:00,116,154,9.0
921,Alibasher,2013-07-30 15:33:15+00:00,27,50,15.0
922,Pwnaholic,2014-08-25 01:34:12+00:00,22,1310,3.0
923,Don_Pelayo,2013-12-11 15:22:41+00:00,30,488,9.503511615343056
924,mosacra,2014-08-27 04:22:37+00:00,5,25,2.0
925,Lagforce,2013-07-28 18:47:38+00:00,8,70,9.503511615343056
926,ivegotabrain,2014-08-03 08:32:14+00:00,42,201,14.0
927,ZuperFe,2016-07-01 21:09:41+00:00,10,50,7.0
928,Mister_Veritas,2014-09-25 13:16:36+00:00,28,655,16.0
930,Csusmatt,2009-11-04 05:58:56+00:00,46,535,9.0
932,Chemical_Warfare,2012-06-11 22:22:27+00:00,9,45,5.0
933,Had214,2016-06-04 18:39:53+00:00,2,0,9.0
934,Zamoon,2015-03-12 12:46:48+00:00,48,106,8.0
935,darazi,2013-12-19 20:45:32+00:00,60,271,9.503511615343056
936,ssdance,2012-04-21 01:55:39+00:00,4,7,7.0
938,ateee3e,2016-02-19 13:18:37+00:00,4,0,9.0
939,albertsmithaff,2015-12-25 17:54:21+00:00,17,0,13.0
940,tpk-aok,2014-05-20 01:08:35+00:00,41,495,12.0
941,snuger577933,2016-01-11 01:03:25+00:00,1,0,10.0
943,swoopdoop,2014-10-31 00:58:08+00:00,576,127,10.0
944,NatuM,2016-02-13 06:30:41+00:00,22,21,8.0
945,Ted9000,2011-11-26 06:01:36+00:00,3,53,2.0
946,cariann77,2012-09-14 18:04:12+00:00,6,5,11.0
948,Good_Sauce,2012-05-23 19:52:34+00:00,1,48,9.0
951,Batu_khagan,2014-10-06 05:45:33+00:00,53,112,9.0
952,Hold_the_door16,2016-06-24 02:15:26+00:00,10,30,6.0
953,quasimai,2014-06-14 13:22:12+00:00,44,103,10.0
954,inferno845,2012-12-15 23:01:57+00:00,44,154,9.0
955,CBS_Interns,2015-06-01 19:10:02+00:00,2,21,9.503511615343056
956,ryb0t0,2014-05-08 19:18:31+00:00,52,446,9.503511615343056
957,cccbigc,2015-10-21 07:00:24+00:00,8,4,13.0
958,OreoDunka,2012-02-18 20:10:13+00:00,47,265,6.0
959,xearslll,2015-11-09 10:35:38+00:00,3,32,9.0
960,pyro_sporks,2012-06-18 03:32:27+00:00,49,1181,10.0
961,blackbird921,2014-07-29 21:53:08+00:00,19,36,9.0
962,robodude2829,2013-10-16 22:56:05+00:00,16,158,20.0
963,ambiguousallegiance,2010-02-11 05:06:44+00:00,15,585,11.0
964,NewToRedditPosting,2015-08-17 00:45:30+00:00,16,30,9.503511615343056
965,pptrt,2015-10-20 04:55:30+00:00,3,9,3.0
967,crispsix,2012-07-18 14:50:55+00:00,35,1005,10.0
968,Countcrunkula,2013-04-15 09:40:51+00:00,204,1482,12.0
969,missinginput,2013-01-13 19:51:14+00:00,13,850,10.0
971,arvindds,2015-10-09 00:23:38+00:00,8,32,8.0
972,quackster,2011-06-12 04:16:17+00:00,3,38,4.0
973,Songforclay,2012-06-07 16:15:04+00:00,92,302,5.0
974,bwandowando,2014-03-20 18:46:21+00:00,99,876,19.0
975,Wardixo,2011-12-08 17:24:29+00:00,44,146,16.0
976,ridediesmile,2013-09-04 23:52:34+00:00,2,200,9.0
977,fatshakes,2013-02-14 09:29:29+00:00,17,148,7.0
978,ethanpinard,2015-02-18 07:20:50+00:00,27,442,8.0
979,mickey_2011,2014-12-01 09:54:23+00:00,45,33,3.0
981,Ozera,2011-10-31 21:41:43+00:00,164,1185,2.0
982,DarthKegger,2014-07-07 00:43:55+00:00,25,1459,4.0
983,DankDan,2011-10-18 01:42:19+00:00,3,234,10.0
985,achmejedidad,2010-07-15 04:43:15+00:00,19,181,2.0
986,Islandemb,2016-10-03 02:02:44+00:00,1,1,8.0
987,bobbylough,2015-06-15 20:26:44+00:00,62,32,9.0
988,bigfartsoo,2011-02-24 02:11:47+00:00,19,154,2.0
989,ChibiLawl,2013-09-27 05:40:51+00:00,28,267,9.0
990,SlimtheMidgetKiller,2015-07-28 17:12:22+00:00,103,542,13.0
991,lsiadhfasd8ahls8dfsd,2015-12-23 03:42:56+00:00,2,0,5.0
992,tranthuyhy1234,2016-09-10 16:12:03+00:00,312,0,10.0
998,Noxm,2014-04-28 10:19:50+00:00,97,120,8.0
999,dwells7583,2012-12-27 14:50:00+00:00,202,143,9.503511615343056
1000,LaD-Cucho,2015-01-29 14:29:27+00:00,77,61,9.0
1001,Kayezy,2013-02-09 00:18:12+00:00,13,13,13.0
1002,RaysAndLazors,2013-08-13 12:03:32+00:00,7,24,8.0
1003,Tyran7us,2015-09-28 03:05:19+00:00,93,176,8.0
1004,saivignesh51,2016-01-11 10:19:54+00:00,136,57,9.0
1005,Kuru2061,2016-09-05 21:27:48+00:00,6,2,8.0
1006,RedBull_Fanatic,2016-07-16 18:41:01+00:00,1,0,8.0
1007,ReaxxaeR,2015-07-28 18:45:00+00:00,7,1,9.503511615343056
1010,Xevilmf,2012-04-07 20:52:10+00:00,31,75,9.503511615343056
1011,TL_Gamer,2016-03-16 04:09:12+00:00,8,26,5.0
1012,AndyDrew23,2015-09-30 21:17:34+00:00,104,529,9.0
1013,Throoway98,2016-02-22 10:02:48+00:00,2,1,10.0
1014,masterarby12,2016-04-13 19:25:06+00:00,123,78,17.0
1015,silverbullet80,2012-02-15 19:43:57+00:00,47,294,4.0
1017,i_play_some_smite,2016-01-12 02:59:47+00:00,40,146,10.0
1018,keldridge2000,2016-01-10 21:37:27+00:00,8,8,3.0
1020,stevexc,2009-07-05 03:39:38+00:00,37,529,12.0
1021,singedpancakes,2015-12-31 06:48:26+00:00,4,2,18.0
1022,Nickamin,2012-05-21 14:18:45+00:00,58,374,2.0
1023,comicsansibar,2012-04-30 18:59:24+00:00,16,224,8.0
1024,DrakenII,2016-05-22 14:40:24+00:00,2,1,9.0
1025,xneilbx,2016-04-05 04:59:49+00:00,10,153,9.0
1026,MiningEngineerVT,2016-04-06 14:45:34+00:00,1,2,9.0
1027,Anelly607,2015-11-10 16:55:15+00:00,56,84,4.0
1028,twarzowiec,2015-07-27 13:00:15+00:00,45,202,17.0
1029,seriousmoonlighter,2013-06-27 11:44:18+00:00,17,155,3.0
1030,upbstock,2016-03-07 17:26:41+00:00,323,13,18.0
1031,careerplatypus,2015-10-11 09:59:12+00:00,7,20,20.0
1032,aknalid,2012-06-13 20:33:11+00:00,87,498,3.0
1033,muffinbasket16,2013-06-23 05:10:27+00:00,32,195,12.0
1034,VSParagon,2013-07-12 00:27:38+00:00,77,1191,2.0
1036,Smuggus,2011-08-30 16:58:38+00:00,20,368,12.0
1037,Brentg7,2011-09-08 18:15:47+00:00,13,1102,9.0
1038,Youdontgnomee,2016-06-09 10:38:16+00:00,7,188,2.0
1039,SlightlyB0SS,2015-09-19 21:48:23+00:00,61,591,9.503511615343056
1040,offermansmustache,2013-08-17 04:05:10+00:00,236,334,10.0
1042,hyperkulturemia,2011-02-06 02:22:46+00:00,23,185,5.0
1044,VENOM_AWAKENS_GR,2015-11-16 13:45:32+00:00,46,201,2.0
1046,ekoehler,2014-10-17 20:10:02+00:00,2,1,2.0
1047,The_Big_Broadcast,2015-04-12 00:02:35+00:00,35,126,10.0
1048,Sozerac,2015-04-28 17:48:03+00:00,5,1,15.0
1050,ucvdhavdzj,2014-07-09 19:29:43+00:00,26,200,16.0
1051,Kaszana999,2014-02-04 17:00:07+00:00,35,722,11.0
1053,FriezaFan456,2015-12-31 02:59:22+00:00,299,1319,14.0
1055,UntouchablePDon,2013-01-21 03:24:22+00:00,17,25,9.0
1056,lutzlstein,2016-04-11 21:38:18+00:00,2,4,13.0
1057,TheWalkinDewd,2014-10-26 09:16:11+00:00,20,93,9.0
1058,Derplordsnuffy,2013-02-22 01:38:39+00:00,29,226,12.0
1059,Church_Builders,2015-09-21 01:15:44+00:00,25,0,10.0
1061,Dr_Kang,2015-01-05 01:23:37+00:00,3,21,9.503511615343056
1062,honeyheart16,2014-12-14 23:49:05+00:00,56,260,9.503511615343056
1063,GOOCH_BRUISER,2012-10-05 21:33:56+00:00,13,210,7.0
1064,ilikecarthings,2015-06-18 12:55:27+00:00,55,281,9.503511615343056
1065,DonLovin,2015-01-17 22:09:10+00:00,70,281,16.0
1067,Asifthatwastrue,2015-08-12 09:21:31+00:00,117,919,9.0
1068,sexbeast420,2014-01-21 20:50:06+00:00,43,224,20.0
1069,SheerBliss,2012-07-12 02:47:51+00:00,35,508,10.0
1071,PavleKreator,2013-04-27 14:54:56+00:00,62,1088,4.0
1072,homeinspection3,2015-05-27 08:59:57+00:00,10,0,15.0
1073,Monkeybarsixx,2012-03-26 00:56:23+00:00,37,212,20.0
1074,kraven867,2012-09-01 08:28:22+00:00,8,148,9.0
1075,23350z,2016-01-20 00:40:12+00:00,473,104,14.0
1076,ihatemy17yearoldself,2016-08-23 17:53:19+00:00,1,0,10.0
1077,philwinder,2016-02-15 12:00:27+00:00,3,0,17.0
1078,jb3x25,2012-10-17 16:28:33+00:00,3,6,10.0
1080,sanctui,2013-08-05 03:11:03+00:00,24,98,8.0
1081,summer_199737,2016-09-05 00:56:17+00:00,27,17,5.0
1082,Lasercoolman,2016-04-19 01:11:42+00:00,38,232,2.0
1083,Lars_Hendrick,2015-09-18 00:50:35+00:00,123,235,9.0
1084,Hawker_Youtube,2016-04-29 06:34:11+00:00,13,22,9.503511615343056
1085,Still-Dreaming,2015-12-27 17:36:00+00:00,8,15,9.503511615343056
1086,FireFromtheHorizon,2014-04-30 18:09:42+00:00,34,236,10.0
1087,rrunemploy,2015-09-16 02:19:08+00:00,1,0,8.0
1088,dannybess,2015-09-18 01:31:21+00:00,11,48,11.0
1089,nemodot,2008-02-16 22:54:16+00:00,94,762,16.0
1090,EvolutionUber,2014-01-27 13:56:04+00:00,8,87,8.0
1091,controlyourhoes,2014-03-13 11:41:03+00:00,4,25,5.0
1092,HippopotamicLandMass,2014-07-20 03:51:36+00:00,40,1166,9.503511615343056
1093,marley0ne,2015-04-05 21:08:50+00:00,107,310,4.0
1094,waimser,2015-02-12 10:57:04+00:00,65,1409,11.0
1097,Bluebear1000,2015-11-03 00:18:49+00:00,111,2,12.0
1098,cricketanmore,2014-03-09 09:03:14+00:00,26,0,10.0
1099,CuteLittleRi,2016-03-01 02:32:14+00:00,40,219,8.0
1100,beephcake90,2014-06-02 16:24:28+00:00,108,132,9.503511615343056
1101,ElusiveJM,2012-07-08 01:38:05+00:00,2,6,9.503511615343056
1102,pipsqueaker117,2012-08-29 02:00:09+00:00,116,1016,10.0
1103,quantumgorillaboss,2015-06-07 09:21:45+00:00,68,344,5.0
1104,ZanderDander,2016-07-24 20:53:31+00:00,83,11,20.0
1105,Avien,2011-05-12 03:36:22+00:00,18,1017,9.0
1106,iSnowManK,2013-06-28 23:03:23+00:00,3,5,4.0
1107,ooczzy,2015-08-07 13:31:31+00:00,104,531,6.0
1109,RadSocks,2014-01-02 19:21:29+00:00,205,794,13.0
1110,ErikaSerrano,2016-03-26 09:39:55+00:00,19,17,9.0
1111,yerxa,2013-11-11 21:04:32+00:00,15,178,19.0
1112,daveistaken,2014-10-30 03:03:41+00:00,6,0,10.0
1113,NegativeBinomialM136,2016-04-13 20:42:00+00:00,105,735,20.0
1114,OdaLiveMatters,2016-01-04 19:42:26+00:00,7,35,10.0
1115,DarthHeadphone,2016-03-21 08:49:30+00:00,1,0,4.0
1116,acekiller117,2015-06-09 22:01:33+00:00,8,9,10.0
1119,stupidliam,2013-04-18 07:56:49+00:00,16,73,19.0
1122,scarfor,2015-09-26 03:39:12+00:00,184,10,11.0
1123,kazlliux,2015-12-26 21:29:13+00:00,100,93,10.0
1124,Equlas,2011-07-13 03:05:06+00:00,19,145,6.0
1125,beylikduzukiralik34,2016-08-09 09:45:40+00:00,8,5,17.0
1126,intrepidthatis,2015-08-25 03:17:33+00:00,689,229,17.0
1128,Atticus118,2016-01-28 16:54:44+00:00,8,2,9.503511615343056
1129,DaSMegaNoob,2016-04-28 00:18:29+00:00,7,35,4.0
1130,PrisonMik3,2016-01-07 22:34:20+00:00,25,154,9.0
1132,SteakTramp,2012-06-09 18:02:33+00:00,17,76,4.0
1133,ttvilla,2015-07-26 21:00:10+00:00,1,4,7.0
1134,raybanned5,2015-06-26 11:59:45+00:00,23,3,10.0
1135,elievano,2006-10-16 00:03:04+00:00,41,322,8.0
1136,broam,2013-04-18 05:24:07+00:00,50,394,20.0
1137,GroupGnosis,2015-08-26 18:12:49+00:00,28,100,9.503511615343056
1138,SpadedLuckster,2016-09-12 12:54:33+00:00,3,3,8.0
1139,Gopiji,2015-09-18 06:07:36+00:00,39,56,3.0
1140,Lugoxxx,2016-07-10 17:34:55+00:00,30,14,11.0
1141,phendara,2014-06-14 08:46:33+00:00,68,428,8.0
1143,SDmaverick,2015-02-01 08:28:12+00:00,278,3,2.0
1144,nickpapa88,2010-12-10 09:09:55+00:00,3,4,9.0
1145,ModestMotion,2016-06-07 18:25:26+00:00,10,26,11.0
1146,Shockwave2055,2015-05-31 16:52:23+00:00,99,248,8.0
1147,stickyrickysanty,2012-03-11 00:23:55+00:00,13,862,3.0
1149,thatshowwegotants,2015-07-12 08:14:10+00:00,2,21,2.0
1150,YIIZWL,2012-08-18 20:57:55+00:00,65,397,9.0
1151,Enzile_,2016-01-26 06:34:44+00:00,2,1,9.0
1152,AcezProduction,2016-01-12 14:28:48+00:00,88,90,9.0
1154,masterkrabban,2012-10-13 10:07:28+00:00,25,204,5.0
1155,kieran184,2010-10-19 17:54:27+00:00,113,13,15.0
1156,FreshFlipp,2012-12-21 04:34:26+00:00,12,4,12.0
1157,_boldwick,2015-02-14 20:31:11+00:00,32,353,5.0
1158,keenly_disinterested,2013-08-01 20:24:39+00:00,98,1161,15.0
1159,boredatwork327,2015-08-25 17:42:29+00:00,1,7,8.0
1160,_Ebolivia_,2015-03-25 23:45:16+00:00,1,1,9.0
1161,Torontonian5640,2015-09-19 00:33:07+00:00,193,627,12.0
1162,The7thTruth,2013-12-11 20:49:04+00:00,22,105,9.503511615343056
1164,starterz,2012-07-23 17:50:57+00:00,16,129,10.0
1166,exaenae,2013-12-07 12:00:01+00:00,65,869,5.0
1167,coreys1127,2013-09-22 22:57:56+00:00,87,92,11.0
1168,phunniemee,2011-10-07 14:11:07+00:00,53,265,11.0
1169,Hunter0josh,2013-01-08 01:26:55+00:00,11,17,12.0
1170,trevticks,2008-11-26 10:32:02+00:00,14,259,7.0
1172,HyperWindKun,2014-11-01 11:25:15+00:00,33,498,2.0
1173,Tsurugunomai,2014-09-09 14:04:03+00:00,3,25,2.0
1174,ckhawks,2012-10-15 06:28:03+00:00,35,450,13.0
1175,drewman513,2014-03-29 04:53:22+00:00,1,0,9.503511615343056
1176,SrslySam91,2012-07-22 03:58:44+00:00,136,363,7.0
1177,bymatthew,2014-07-13 14:42:45+00:00,90,136,9.0
1178,kjgkjgjk,2016-03-28 00:11:16+00:00,3,57,19.0
1179,Mulkat,2015-06-09 14:39:28+00:00,59,291,10.0
1180,JordanisJustified,2014-10-11 04:59:36+00:00,57,578,20.0
1181,Red10101,2016-02-17 06:10:13+00:00,5,39,4.0
1184,Nikuw,2014-07-05 15:39:27+00:00,120,1065,9.0
1185,goldenfelix,2015-02-02 11:27:37+00:00,94,385,9.0
1186,toxicgrunt,2014-08-19 01:51:12+00:00,235,1251,5.0
1187,resaysay,2014-03-17 21:31:37+00:00,90,601,11.0
1190,Deamon_Blackfyre,2016-06-02 01:46:05+00:00,6,165,7.0
1191,brooke729,2013-07-27 06:28:17+00:00,790,7,10.0
1192,servewithmintsauce,2015-03-29 00:47:37+00:00,11,170,9.503511615343056
1193,Not_Again_Reddit,2015-10-10 06:43:01+00:00,107,136,12.0
1194,Zombie_Aficionado,2013-12-15 19:07:01+00:00,347,520,9.0
1197,Wishuponareddit,2015-07-20 00:55:43+00:00,42,79,10.0
1198,Oni3Delta,2014-06-14 23:58:52+00:00,107,1166,9.0
1200,PingToThePong1994,2016-02-15 00:20:27+00:00,1,0,18.0
1202,Nighfallion,2015-10-21 19:45:29+00:00,3,17,9.503511615343056
1203,squigglystardust,2016-05-19 07:47:40+00:00,10,22,16.0
1204,Yvalkonn,2014-10-02 00:40:01+00:00,75,1158,9.503511615343056
1206,LaPLantee,2015-07-29 18:04:45+00:00,66,118,12.0
1208,MtDiabloIsClosed,2015-12-02 07:32:15+00:00,51,258,17.0
1209,Jerzerak,2014-01-25 00:50:40+00:00,62,98,9.503511615343056
1210,evosinite,2013-01-02 05:59:54+00:00,15,25,9.503511615343056
1211,BMSCEEDL,2015-12-10 11:42:26+00:00,1,0,14.0
1213,nootropadelic,2015-07-21 13:51:15+00:00,19,297,7.0
1214,Southernfog23,2016-02-23 18:29:08+00:00,3,9,7.0
1215,throwawayintoface,2015-02-17 03:38:43+00:00,38,524,3.0
1216,ElooMC,2015-06-17 06:31:52+00:00,45,20,2.0
1217,throwaway19119119,2016-08-06 22:15:59+00:00,1,1,11.0
1218,toofit4you,2015-04-06 23:52:24+00:00,1,23,6.0
1219,yeezy2nyc,2015-02-05 16:23:50+00:00,22,112,3.0
1220,Tyranith,2012-01-20 21:37:06+00:00,21,1433,8.0
1221,Hipsternarwhal74,2016-07-04 00:56:19+00:00,7,6,10.0
1223,tantalicatom689,2012-02-11 08:17:10+00:00,36,237,19.0
1224,fattyfattyta,2015-11-05 17:56:50+00:00,1,0,10.0
1225,elikat,2011-03-23 05:50:53+00:00,72,470,3.0
