,author,created,submissions,comments
1,FaurnFlamebreaker,2015-05-15 09:44:41+00:00,1,0
2,Bill_Jonson,2015-10-17 03:55:40+00:00,1,1
3,PurebringerOghmagra,2015-05-15 12:38:42+00:00,6,0
5,jake_browny,2016-04-26 14:04:53+00:00,1,1
6,LGBTUnited,2016-06-14 20:09:44+00:00,1,0
7,FelhafymDugrel,2015-05-14 15:36:20+00:00,1,0
8,DalaghmaMajurus,2015-05-14 15:36:01+00:00,5,0
9,IfiacelMoogutaxe,2015-05-14 14:28:16+00:00,15,0
10,AragelvBlackkiller,2015-05-14 14:57:59+00:00,7,0
11,SsoncenModifyn,2015-05-14 14:28:06+00:00,1,0
12,TaushakarGrantrius,2015-05-15 12:40:12+00:00,5,0
13,MograMarn,2015-05-15 09:44:29+00:00,2,0
14,RedseekerMami,2015-05-15 13:07:02+00:00,7,0
15,RexscarNalmekelv,2015-05-15 12:39:00+00:00,7,0
16,SaberstalkerTygorr,2015-05-15 09:43:33+00:00,2,0
17,ZalarGroshakar,2015-05-15 10:11:05+00:00,2,0
18,GhozarIannn,2015-05-15 09:44:37+00:00,4,0
19,FelorielBalladolore,2015-05-15 12:16:58+00:00,2,0
20,FordreninDalas,2015-05-15 10:11:22+00:00,1,0
21,YozshulkisNighthamm,2015-05-15 13:06:33+00:00,6,0
22,FelothisRagegrove,2015-05-15 10:10:15+00:00,5,0
23,KigagrelMightrunner,2015-05-15 12:39:51+00:00,6,0
24,KularimGaviril,2015-05-15 18:18:04+00:00,5,0
25,NilkisZargas,2015-05-15 10:10:29+00:00,13,0
26,DoukasaZahelm,2015-05-15 13:06:30+00:00,1,0
29,DipperHummer,2015-12-15 08:10:24+00:00,3,0
30,NY_BLACK_PROTEST,2016-02-18 12:43:25+00:00,2,0
31,MAGAing4Trump,2016-05-29 00:20:59+00:00,1,0
32,KularimGaviril,2015-05-15 18:18:04+00:00,5,0
33,Motlalepule,2016-10-28 11:40:23+00:00,2,0
34,Motlalent,2016-10-26 12:29:59+00:00,2,0
35,Bugemlon,2016-10-26 13:21:46+00:00,2,0
36,Amohelang,2016-10-28 12:01:25+00:00,1,0
37,Aiden_Chuck,2016-11-02 14:30:54+00:00,1,0
38,Tristen_Sadler,2016-10-24 11:02:16+00:00,3,0
39,Deren777,2016-10-24 11:29:03+00:00,4,0
40,HelenaFreiy,2016-10-03 07:21:54+00:00,8,0
41,vsbeats,2015-10-23 13:31:09+00:00,1,0
42,fergensonk,2015-10-23 14:59:27+00:00,2,0
43,illlolyourtexass,2015-11-06 12:43:58+00:00,11,0
44,AstridRooo,2016-04-04 12:38:44+00:00,0,1
45,LUNACYFREAK,2016-05-20 14:00:33+00:00,3,0
46,picnicshirt,2016-10-18 13:52:20+00:00,3,0
47,Madpood,2015-12-14 07:42:19+00:00,2,0
48,AmazingBodilyFluids,2016-06-26 14:19:36+00:00,2,2
49,qkempek,2015-06-23 08:20:09+00:00,1,0
50,sandlerwow,2015-09-09 07:49:16+00:00,5,0
51,BleepThePolice,2015-11-15 05:53:32+00:00,1,1
53,Albert_Baldwin,2016-10-18 13:57:26+00:00,1,0
54,vsrruslan,2015-07-01 10:47:41+00:00,2,0
55,ser005,2015-06-24 15:04:36+00:00,2,0
56,YggkelvZurn,2015-05-14 14:45:18+00:00,5,0
57,KazishuraTerne,2015-05-14 14:57:47+00:00,11,0
58,SouthLoneStar,2016-03-01 19:59:11+00:00,0,1
59,Lepolesa,2016-10-25 09:00:37+00:00,1,0
60,moluleloa,2016-10-18 13:39:44+00:00,1,0
61,YggwynZulkigul,2015-05-15 10:55:43+00:00,1,0
62,vsruslan,2015-07-01 08:34:18+00:00,4,0
63,Kutloisiso,2016-10-27 10:03:38+00:00,1,0
64,Hararnir,2016-11-03 09:04:53+00:00,1,0
65,georgepharell,2016-10-18 13:31:42+00:00,1,0
66,kuabrush,2016-11-03 10:29:48+00:00,1,0
67,WileandraMalhala,2015-05-14 14:29:25+00:00,1,0
68,RobbKR,2016-10-03 10:04:31+00:00,6,1
69,ThorgalenGozil,2015-05-15 09:44:25+00:00,1,0
70,WOLFEN01,2015-09-07 20:39:34+00:00,7,1
71,Solodoto666,2016-10-28 08:04:31+00:00,2,0
72,Mamigon,2016-11-03 14:55:37+00:00,1,0
73,ZuluraGolar,2015-05-15 10:56:24+00:00,7,0
75,QuenceynnTejora,2015-05-14 14:28:44+00:00,8,0
76,IronhammerConjukelv,2015-05-15 13:06:54+00:00,16,0
77,truckshark,2016-10-19 15:30:02+00:00,1,0
78,FezilGavinn,2015-05-14 14:59:15+00:00,6,0
79,AdoraronDoomworker,2015-05-15 10:29:27+00:00,6,0
80,ZolosidaSpellsinger,2015-05-15 10:10:33+00:00,6,0
81,KahuginnCerenadar,2015-05-15 09:44:05+00:00,3,0
82,VuranThordilore,2015-05-15 13:06:45+00:00,3,0
83,LandageKador,2015-05-14 14:59:31+00:00,8,0
84,GaranaTobar,2015-05-15 09:44:59+00:00,3,0
85,YggdorKakree,2015-05-15 12:38:47+00:00,6,0
86,Heirlow,2016-11-03 14:47:11+00:00,1,0
87,FordreranaCordagda,2015-05-15 12:41:08+00:00,6,0
88,SailakSamura,2015-05-14 14:59:51+00:00,5,0
89,smollow,2016-10-24 10:44:14+00:00,2,0
90,foxmeowlder,2016-01-28 12:35:13+00:00,2,0
91,CeriusTojajar,2015-05-14 15:35:48+00:00,8,0
92,ModitiusOpirius,2015-05-14 14:57:38+00:00,4,0
93,Mohato,2016-10-24 11:07:11+00:00,3,0
95,GranilisDogul,2015-05-14 14:57:13+00:00,5,0
96,BloodwoodArashizrag,2015-05-15 12:17:20+00:00,8,0
97,crownalbum,2016-10-28 13:33:34+00:00,1,0
98,DaytonayenMoranaya,2015-05-14 14:44:08+00:00,9,0
99,CewieldZuluhn,2015-05-15 10:10:37+00:00,7,0
100,Taulou,2016-10-25 08:43:26+00:00,1,0
101,VoodoogamiAurilak,2015-05-15 09:44:45+00:00,24,0
102,HaroldGarold,2016-11-02 15:02:39+00:00,1,0
103,OghmagelvFedora,2015-05-15 10:29:11+00:00,7,0
104,LightshadeGardakino,2015-05-15 12:17:03+00:00,19,1
105,TetaurDafyn,2015-05-15 09:36:31+00:00,11,0
106,HoodieLoodie,2016-10-30 15:22:55+00:00,1,0
107,KagrelMauran,2015-05-15 13:07:06+00:00,9,0
108,NilarilOpirim,2015-05-15 10:56:41+00:00,16,0
109,DrelathrisBo,2015-05-14 15:34:46+00:00,6,0
110,SalmaranLaihuginn,2015-05-15 10:29:44+00:00,10,0
112,VanecedwaShadowsmith,2015-05-14 14:29:02+00:00,3,0
114,seatfaith,2016-10-31 14:49:57+00:00,1,0
115,AgaluneMalordred,2015-05-15 12:17:38+00:00,8,0
116,KakreeTabar,2015-05-15 10:29:15+00:00,9,0
117,thistleescape,2016-10-26 15:23:35+00:00,1,0
118,WilliananLandalsa,2015-05-14 14:28:53+00:00,18,0
119,inkreindeer,2016-10-30 15:21:30+00:00,1,0
121,IshnranaAnayagrinn,2015-05-15 10:11:00+00:00,19,0
122,ModitiusFaetaur,2015-05-14 14:44:48+00:00,8,0
123,GushicageAgamadi,2015-05-15 12:18:09+00:00,7,0
124,NuaborShaktikasa,2015-05-15 10:55:52+00:00,18,0
125,garliccomet,2016-10-28 14:16:26+00:00,1,0
127,moonreading,2016-11-02 15:03:12+00:00,1,0
129,AralisTugis,2015-05-14 15:36:10+00:00,1,0
130,FreddieGi,2016-10-26 17:14:28+00:00,1,0
131,CogelvWhitebinder,2015-05-15 13:07:10+00:00,8,0
132,VojarAndrorus,2015-05-15 10:29:18+00:00,7,0
133,SharprunnerAndrolas,2015-05-15 10:29:53+00:00,23,0
134,Winthrop_Clancy,2016-10-27 14:48:32+00:00,2,0
136,BagoreZulkihn,2015-05-15 09:45:03+00:00,9,0
139,KatusPenadar,2015-05-15 13:06:26+00:00,9,0
140,KulazelKelkree,2015-05-14 14:46:02+00:00,5,0
142,TojatMalaron,2015-05-15 10:29:48+00:00,16,2
143,DalabandisAndroma,2015-05-15 10:29:03+00:00,1,0
144,riversailor,2016-10-24 10:59:36+00:00,4,0
145,SteelfangMogamand,2015-05-15 13:06:41+00:00,4,0
146,bottlehope,2016-10-31 15:00:15+00:00,1,0
149,GavinayaBeazefym,2015-05-15 12:39:56+00:00,1,0
150,SnorrySturluson,2016-02-29 15:12:50+00:00,4,0
151,GoldenbringerTogore,2015-05-14 15:35:14+00:00,2,0
152,NalenTaugami,2015-05-14 14:56:39+00:00,10,0
153,DianarinAdorardred,2015-05-15 09:44:13+00:00,2,0
154,ThorgaghmaLai,2015-05-15 09:44:18+00:00,3,0
155,FerdavynaCentrirus,2015-05-14 14:29:18+00:00,6,0
157,AriundisVugar,2015-05-15 10:11:09+00:00,6,0
158,CordaronGavinralbin,2015-05-15 12:17:11+00:00,5,0
159,DelaranaBatius,2015-05-15 12:17:24+00:00,6,0
160,BallardredTholak,2015-05-14 14:58:52+00:00,11,0
162,JoJouel,2016-10-25 07:40:54+00:00,3,0
163,violinslipper,2016-10-25 14:34:28+00:00,2,0
164,caterpillarclass,2016-10-26 15:14:53+00:00,2,0
165,AxeseekerMightwind,2015-05-15 13:06:50+00:00,9,0
167,DelalbineSilvershad,2015-05-15 09:44:49+00:00,5,0
168,DarusCege,2015-05-15 13:06:37+00:00,5,0
169,RedGov,2016-10-24 11:46:15+00:00,2,0
170,Malefane,2016-10-25 07:59:33+00:00,3,0
172,VudonrisMakasa,2015-05-15 16:18:33+00:00,2,0
175,HityndiDutilar,2015-05-14 14:26:44+00:00,22,0
177,Dazzle6,2016-10-18 13:26:29+00:00,1,0
180,DelanradAgamadwyn,2015-05-15 09:44:54+00:00,8,0
181,FenrilkreeMolabar,2015-05-15 12:18:13+00:00,10,0
182,BludflameMeztirg,2015-05-15 12:40:08+00:00,4,0
183,researchbeggar,2016-10-24 10:40:22+00:00,4,0
184,AndrorneGavinrage,2015-05-15 10:55:35+00:00,7,0
185,TebenelBrazragore,2015-05-14 14:27:38+00:00,17,0
186,DaFordremand,2015-05-14 14:57:24+00:00,12,0
187,SharpwingChillshape,2015-05-15 12:17:50+00:00,4,0
188,Gillian0zero0,2016-10-30 15:12:55+00:00,1,0
189,CererinKarn,2015-05-15 10:56:45+00:00,8,1
190,ZukoraTezil,2015-05-15 12:38:38+00:00,13,0
191,Mponeng,2016-10-27 08:36:37+00:00,2,0
192,MnefymPainmane,2015-05-15 10:29:35+00:00,8,0
193,HellwindShadowbreak,2015-05-15 10:29:23+00:00,14,0
195,moratutu,2016-10-18 13:57:55+00:00,2,0
198,AgamagelvTozshura,2015-05-15 10:10:10+00:00,19,0
201,PeGobei,2015-05-15 13:06:58+00:00,4,0
203,BurigelvGravelbrew,2015-05-14 15:37:34+00:00,10,0
204,MalasarGholbiris,2015-05-15 10:09:48+00:00,10,0
205,UmthDarkfire,2015-05-14 14:57:01+00:00,2,0
206,Graham_Quinn,2016-10-25 09:06:03+00:00,1,0
209,sugarshoehorn,2016-11-02 14:57:09+00:00,1,0
211,CeginnFonin,2015-05-14 15:37:20+00:00,20,0
212,Heetmean,2016-11-03 07:32:58+00:00,3,0
213,GoltijindGoltishura,2015-05-15 10:56:10+00:00,4,0
214,horseeating,2016-10-25 14:16:46+00:00,1,0
215,Meek_Mitchel,2016-10-18 14:15:24+00:00,2,0
218,ThordibandisHugimat,2015-05-15 13:06:18+00:00,12,0
219,waeqxd,2016-01-27 21:32:23+00:00,8,2
221,CogdaAnayanara,2015-05-15 12:18:30+00:00,11,0
223,ZamalynodeThothis,2015-05-14 14:43:26+00:00,8,0
224,fginery,2016-10-24 10:55:40+00:00,2,1
226,CereranaKeath,2015-05-14 15:35:00+00:00,9,0
229,toffeeathletics,2016-10-30 15:10:50+00:00,1,0
230,laserathletics,2016-09-01 07:11:20+00:00,3,0
232,GavinraraFonara,2015-05-15 10:09:43+00:00,5,0
233,keklelkek,2015-09-30 21:48:01+00:00,21,1
234,ThonisIshnlen,2015-05-15 12:18:35+00:00,8,0
238,MananaraGralsa,2015-05-15 12:39:14+00:00,10,1
240,LalhalaGavinradwyn,2015-05-15 10:10:24+00:00,3,0
243,KiririelCebandis,2015-05-14 14:46:46+00:00,9,0
245,dandy1crown,2016-11-02 14:53:12+00:00,1,0
246,GrisidaColak,2015-05-15 10:55:55+00:00,9,0
248,Fungon,2016-10-24 10:27:56+00:00,3,0
252,BeazerneMem,2015-05-14 15:35:23+00:00,19,0
253,Mandeyboy,2016-10-24 10:59:09+00:00,4,0
254,AriutusMokazahn,2015-05-15 10:29:57+00:00,24,0
262,SinmoonYggbandis,2015-05-14 15:37:01+00:00,10,0
267,MasiusShadowshaper,2015-05-14 15:35:32+00:00,11,0
272,BerskyN,2016-10-18 13:43:29+00:00,2,0
