author,created
BlackToLive,2016-07-05 01:13:18+00:00
FaurnFlamebreaker,2015-05-15 09:44:41+00:00
Bill_Jonson,2015-10-17 03:55:40+00:00
PurebringerOghmagra,2015-05-15 12:38:42+00:00
Clawisma,2015-09-16 17:22:29+00:00
jake_browny,2016-04-26 14:04:53+00:00
LGBTUnited,2016-06-14 20:09:44+00:00
FelhafymDugrel,2015-05-14 15:36:20+00:00
DalaghmaMajurus,2015-05-14 15:36:01+00:00
IfiacelMoogutaxe,2015-05-14 14:28:16+00:00
AragelvBlackkiller,2015-05-14 14:57:59+00:00
SsoncenModifyn,2015-05-14 14:28:06+00:00
TaushakarGrantrius,2015-05-15 12:40:12+00:00
MograMarn,2015-05-15 09:44:29+00:00
RedseekerMami,2015-05-15 13:07:02+00:00
RexscarNalmekelv,2015-05-15 12:39:00+00:00
SaberstalkerTygorr,2015-05-15 09:43:33+00:00
ZalarGroshakar,2015-05-15 10:11:05+00:00
GhozarIannn,2015-05-15 09:44:37+00:00
FelorielBalladolore,2015-05-15 12:16:58+00:00
FordreninDalas,2015-05-15 10:11:22+00:00
YozshulkisNighthamm,2015-05-15 13:06:33+00:00
FelothisRagegrove,2015-05-15 10:10:15+00:00
KigagrelMightrunner,2015-05-15 12:39:51+00:00
KularimGaviril,2015-05-15 18:18:04+00:00
NilkisZargas,2015-05-15 10:10:29+00:00
DoukasaZahelm,2015-05-15 13:06:30+00:00
vadro,2015-06-24 10:39:50+00:00
rapitangnyy,2015-06-22 17:23:27+00:00
DipperHummer,2015-12-15 08:10:24+00:00
NY_BLACK_PROTEST,2016-02-18 12:43:25+00:00
MAGAing4Trump,2016-05-29 00:20:59+00:00
KularimGaviril,2015-05-15 18:18:04+00:00
Motlalepule,2016-10-28 11:40:23+00:00
Motlalent,2016-10-26 12:29:59+00:00
Bugemlon,2016-10-26 13:21:46+00:00
Amohelang,2016-10-28 12:01:25+00:00
Aiden_Chuck,2016-11-02 14:30:54+00:00
Tristen_Sadler,2016-10-24 11:02:16+00:00
Deren777,2016-10-24 11:29:03+00:00
HelenaFreiy,2016-10-03 07:21:54+00:00
vsbeats,2015-10-23 13:31:09+00:00
fergensonk,2015-10-23 14:59:27+00:00
illlolyourtexass,2015-11-06 12:43:58+00:00
AstridRooo,2016-04-04 12:38:44+00:00
LUNACYFREAK,2016-05-20 14:00:33+00:00
picnicshirt,2016-10-18 13:52:20+00:00
Madpood,2015-12-14 07:42:19+00:00
AmazingBodilyFluids,2016-06-26 14:19:36+00:00
qkempek,2015-06-23 08:20:09+00:00
sandlerwow,2015-09-09 07:49:16+00:00
BleepThePolice,2015-11-15 05:53:32+00:00
MerlinPeregrin,2015-06-06 09:58:05+00:00
Albert_Baldwin,2016-10-18 13:57:26+00:00
vsrruslan,2015-07-01 10:47:41+00:00
ser005,2015-06-24 15:04:36+00:00
YggkelvZurn,2015-05-14 14:45:18+00:00
KazishuraTerne,2015-05-14 14:57:47+00:00
SouthLoneStar,2016-03-01 19:59:11+00:00
Lepolesa,2016-10-25 09:00:37+00:00
moluleloa,2016-10-18 13:39:44+00:00
YggwynZulkigul,2015-05-15 10:55:43+00:00
vsruslan,2015-07-01 08:34:18+00:00
Kutloisiso,2016-10-27 10:03:38+00:00
Hararnir,2016-11-03 09:04:53+00:00
georgepharell,2016-10-18 13:31:42+00:00
kuabrush,2016-11-03 10:29:48+00:00
WileandraMalhala,2015-05-14 14:29:25+00:00
RobbKR,2016-10-03 10:04:31+00:00
ThorgalenGozil,2015-05-15 09:44:25+00:00
WOLFEN01,2015-09-07 20:39:34+00:00
Solodoto666,2016-10-28 08:04:31+00:00
Mamigon,2016-11-03 14:55:37+00:00
ZuluraGolar,2015-05-15 10:56:24+00:00
Anime_Stan,2015-09-08 08:29:23+00:00
QuenceynnTejora,2015-05-14 14:28:44+00:00
IronhammerConjukelv,2015-05-15 13:06:54+00:00
truckshark,2016-10-19 15:30:02+00:00
FezilGavinn,2015-05-14 14:59:15+00:00
AdoraronDoomworker,2015-05-15 10:29:27+00:00
ZolosidaSpellsinger,2015-05-15 10:10:33+00:00
KahuginnCerenadar,2015-05-15 09:44:05+00:00
VuranThordilore,2015-05-15 13:06:45+00:00
LandageKador,2015-05-14 14:59:31+00:00
GaranaTobar,2015-05-15 09:44:59+00:00
YggdorKakree,2015-05-15 12:38:47+00:00
Heirlow,2016-11-03 14:47:11+00:00
FordreranaCordagda,2015-05-15 12:41:08+00:00
SailakSamura,2015-05-14 14:59:51+00:00
smollow,2016-10-24 10:44:14+00:00
foxmeowlder,2016-01-28 12:35:13+00:00
CeriusTojajar,2015-05-14 15:35:48+00:00
ModitiusOpirius,2015-05-14 14:57:38+00:00
Mohato,2016-10-24 11:07:11+00:00
Abena_Tau,2016-03-30 13:23:08+00:00
GranilisDogul,2015-05-14 14:57:13+00:00
BloodwoodArashizrag,2015-05-15 12:17:20+00:00
crownalbum,2016-10-28 13:33:34+00:00
DaytonayenMoranaya,2015-05-14 14:44:08+00:00
CewieldZuluhn,2015-05-15 10:10:37+00:00
Taulou,2016-10-25 08:43:26+00:00
VoodoogamiAurilak,2015-05-15 09:44:45+00:00
HaroldGarold,2016-11-02 15:02:39+00:00
OghmagelvFedora,2015-05-15 10:29:11+00:00
LightshadeGardakino,2015-05-15 12:17:03+00:00
TetaurDafyn,2015-05-15 09:36:31+00:00
HoodieLoodie,2016-10-30 15:22:55+00:00
KagrelMauran,2015-05-15 13:07:06+00:00
NilarilOpirim,2015-05-15 10:56:41+00:00
DrelathrisBo,2015-05-14 15:34:46+00:00
SalmaranLaihuginn,2015-05-15 10:29:44+00:00
mr_clampin,2016-08-06 02:15:58+00:00
VanecedwaShadowsmith,2015-05-14 14:29:02+00:00
SadCitizen2016,2016-08-23 10:17:06+00:00
seatfaith,2016-10-31 14:49:57+00:00
AgaluneMalordred,2015-05-15 12:17:38+00:00
KakreeTabar,2015-05-15 10:29:15+00:00
thistleescape,2016-10-26 15:23:35+00:00
WilliananLandalsa,2015-05-14 14:28:53+00:00
inkreindeer,2016-10-30 15:21:30+00:00
TojasidaSamukree,2015-05-15 10:09:39+00:00
IshnranaAnayagrinn,2015-05-15 10:11:00+00:00
ModitiusFaetaur,2015-05-14 14:44:48+00:00
GushicageAgamadi,2015-05-15 12:18:09+00:00
NuaborShaktikasa,2015-05-15 10:55:52+00:00
garliccomet,2016-10-28 14:16:26+00:00
JerrHill,2015-09-16 12:36:03+00:00
moonreading,2016-11-02 15:03:12+00:00
MalojurusMutus,2015-05-14 14:47:05+00:00
AralisTugis,2015-05-14 15:36:10+00:00
FreddieGi,2016-10-26 17:14:28+00:00
CogelvWhitebinder,2015-05-15 13:07:10+00:00
VojarAndrorus,2015-05-15 10:29:18+00:00
SharprunnerAndrolas,2015-05-15 10:29:53+00:00
Winthrop_Clancy,2016-10-27 14:48:32+00:00
emilyli,2015-09-22 00:07:22+00:00
BagoreZulkihn,2015-05-15 09:45:03+00:00
DorothieBell,2016-08-06 02:06:07+00:00
wadeharriot,2016-08-06 01:46:14+00:00
KatusPenadar,2015-05-15 13:06:26+00:00
KulazelKelkree,2015-05-14 14:46:02+00:00
1488reasons,2016-01-16 08:01:07+00:00
TojatMalaron,2015-05-15 10:29:48+00:00
DalabandisAndroma,2015-05-15 10:29:03+00:00
riversailor,2016-10-24 10:59:36+00:00
SteelfangMogamand,2015-05-15 13:06:41+00:00
bottlehope,2016-10-31 15:00:15+00:00
harperdaveharper,2015-11-14 08:16:57+00:00
chriscrossfire,2015-09-21 23:48:07+00:00
GavinayaBeazefym,2015-05-15 12:39:56+00:00
SnorrySturluson,2016-02-29 15:12:50+00:00
GoldenbringerTogore,2015-05-14 15:35:14+00:00
NalenTaugami,2015-05-14 14:56:39+00:00
DianarinAdorardred,2015-05-15 09:44:13+00:00
ThorgaghmaLai,2015-05-15 09:44:18+00:00
FerdavynaCentrirus,2015-05-14 14:29:18+00:00
petouchoque,2015-10-28 12:29:53+00:00
AriundisVugar,2015-05-15 10:11:09+00:00
CordaronGavinralbin,2015-05-15 12:17:11+00:00
DelaranaBatius,2015-05-15 12:17:24+00:00
BallardredTholak,2015-05-14 14:58:52+00:00
MalalladorSincliff,2015-05-15 10:55:47+00:00
JoJouel,2016-10-25 07:40:54+00:00
violinslipper,2016-10-25 14:34:28+00:00
caterpillarclass,2016-10-26 15:14:53+00:00
AxeseekerMightwind,2015-05-15 13:06:50+00:00
SamugoreKekelv,2015-05-15 12:40:53+00:00
DelalbineSilvershad,2015-05-15 09:44:49+00:00
DarusCege,2015-05-15 13:06:37+00:00
RedGov,2016-10-24 11:46:15+00:00
Malefane,2016-10-25 07:59:33+00:00
PeriniusDular,2015-05-15 12:18:26+00:00
VudonrisMakasa,2015-05-15 16:18:33+00:00
VukazahnGardagis,2015-05-15 10:29:07+00:00
AndromajurusAragrel,2015-05-15 13:06:22+00:00
HityndiDutilar,2015-05-14 14:26:44+00:00
NekoraJoJolar,2015-05-15 10:56:37+00:00
Dazzle6,2016-10-18 13:26:29+00:00
rockanda,2015-10-06 13:01:46+00:00
IronwalkerGardred,2015-05-15 12:40:17+00:00
DelanradAgamadwyn,2015-05-15 09:44:54+00:00
FenrilkreeMolabar,2015-05-15 12:18:13+00:00
BludflameMeztirg,2015-05-15 12:40:08+00:00
researchbeggar,2016-10-24 10:40:22+00:00
AndrorneGavinrage,2015-05-15 10:55:35+00:00
TebenelBrazragore,2015-05-14 14:27:38+00:00
DaFordremand,2015-05-14 14:57:24+00:00
SharpwingChillshape,2015-05-15 12:17:50+00:00
Gillian0zero0,2016-10-30 15:12:55+00:00
CererinKarn,2015-05-15 10:56:45+00:00
ZukoraTezil,2015-05-15 12:38:38+00:00
Mponeng,2016-10-27 08:36:37+00:00
MnefymPainmane,2015-05-15 10:29:35+00:00
HellwindShadowbreak,2015-05-15 10:29:23+00:00
richwilcom,2016-09-11 20:07:14+00:00
moratutu,2016-10-18 13:57:55+00:00
DalahelmFelharil,2015-05-15 10:10:20+00:00
PaulMall112,2015-09-11 13:17:07+00:00
AgamagelvTozshura,2015-05-15 10:10:10+00:00
tishcol,2015-10-06 15:53:46+00:00
xameg,2015-02-01 14:44:22+00:00
PeGobei,2015-05-15 13:06:58+00:00
blackie_jack,2015-10-13 16:48:46+00:00
BurigelvGravelbrew,2015-05-14 15:37:34+00:00
MalasarGholbiris,2015-05-15 10:09:48+00:00
UmthDarkfire,2015-05-14 14:57:01+00:00
Graham_Quinn,2016-10-25 09:06:03+00:00
brondran,2015-09-17 16:09:45+00:00
Alex_Jonathan,2015-10-20 14:30:31+00:00
sugarshoehorn,2016-11-02 14:57:09+00:00
LeyleynFearlessworm,2015-05-14 14:26:11+00:00
CeginnFonin,2015-05-14 15:37:20+00:00
Heetmean,2016-11-03 07:32:58+00:00
GoltijindGoltishura,2015-05-15 10:56:10+00:00
horseeating,2016-10-25 14:16:46+00:00
Meek_Mitchel,2016-10-18 14:15:24+00:00
hadheart,2015-09-22 16:49:59+00:00
men_like,2015-10-12 01:44:33+00:00
ThordibandisHugimat,2015-05-15 13:06:18+00:00
waeqxd,2016-01-27 21:32:23+00:00
hyddrox,2016-08-06 01:32:24+00:00
CogdaAnayanara,2015-05-15 12:18:30+00:00
brant_s,2015-10-24 10:55:44+00:00
ZamalynodeThothis,2015-05-14 14:43:26+00:00
fginery,2016-10-24 10:55:40+00:00
come-true,2015-10-28 21:04:52+00:00
CereranaKeath,2015-05-14 15:35:00+00:00
Chereese,2015-09-08 14:45:16+00:00
TojasHellwarden,2015-05-15 10:29:39+00:00
toffeeathletics,2016-10-30 15:10:50+00:00
laserathletics,2016-09-01 07:11:20+00:00
Peter_Stevenson1986,2015-10-20 14:36:49+00:00
GavinraraFonara,2015-05-15 10:09:43+00:00
keklelkek,2015-09-30 21:48:01+00:00
ThonisIshnlen,2015-05-15 12:18:35+00:00
IronZion17,2015-09-09 01:31:25+00:00
ThontriusBanos,2015-05-15 12:17:16+00:00
NitaurMaull,2015-05-15 12:17:55+00:00
MananaraGralsa,2015-05-15 12:39:14+00:00
KanyeBreeze,2015-10-15 03:26:18+00:00
LalhalaGavinradwyn,2015-05-15 10:10:24+00:00
NualvCordalace,2015-05-14 14:45:33+00:00
gordon_br,2015-10-24 13:50:46+00:00
KiririelCebandis,2015-05-14 14:46:46+00:00
UelitheLandagelv,2015-05-14 14:26:20+00:00
dandy1crown,2016-11-02 14:53:12+00:00
GrisidaColak,2015-05-15 10:55:55+00:00
Alice_Boginski,2015-10-20 14:18:30+00:00
Fungon,2016-10-24 10:27:56+00:00
MiraranaMogra,2015-05-14 14:58:34+00:00
UelitheLandagelv,2015-05-14 14:26:20+00:00
FoshantBloodstone,2015-05-14 14:27:20+00:00
BeazerneMem,2015-05-14 15:35:23+00:00
Mandeyboy,2016-10-24 10:59:09+00:00
AriutusMokazahn,2015-05-15 10:29:57+00:00
clackie,2015-09-23 13:12:25+00:00
ReggaeBull,2015-10-15 03:21:22+00:00
AlsagelvBuriron,2015-05-14 15:36:29+00:00
Deusexmachina112,2015-09-09 01:20:59+00:00
elsie_c,2015-10-19 15:00:40+00:00
TedarYozshujin,2015-05-14 14:46:27+00:00
toneporter,2016-08-06 02:09:53+00:00
SinmoonYggbandis,2015-05-14 15:37:01+00:00
DoppleGun,2016-05-22 13:42:45+00:00
Maineylops,2016-03-18 10:16:23+00:00
Maxwel_Terry,2016-04-19 13:46:36+00:00
deusXYX,2016-08-06 01:57:45+00:00
MasiusShadowshaper,2015-05-14 15:35:32+00:00
MargasGranidor,2015-05-15 10:55:40+00:00
Peter_Hurst,2016-03-30 13:02:39+00:00
ErivMalazilkree,2015-05-14 13:43:01+00:00
King_Andersons,2016-03-22 15:55:53+00:00
BerskyN,2016-10-18 13:43:29+00:00
WhatImDoindHere,2015-12-29 07:10:38+00:00
Kevin_Milner,2016-03-30 12:46:36+00:00
shomyo,2010-05-28 07:44:27+00:00
